,,lastname,email,email2,profession,Field Name,Field Name
Charmaine,Rhoda,Gerge,.Gerge@yopmail.com,undefined.Gerge@gmail.com,doctor,1,1
Di,Kayla,Bluh,.Bluh@yopmail.com,undefined.Bluh@gmail.com,developer,2,2
Jerry,Chandra,Jary,.Jary@yopmail.com,undefined.Jary@gmail.com,worker,3,3
Lily,Nelle,Clywd,.Clywd@yopmail.com,undefined.Clywd@gmail.com,developer,4,4
Celisse,Micheline,Tound,.Tound@yopmail.com,undefined.Tound@gmail.com,worker,5,5
Charissa,Bobinette,Jotham,.Jotham@yopmail.com,undefined.Jotham@gmail.com,worker,6,6
Jordan,Nerta,Reneta,.Reneta@yopmail.com,undefined.Reneta@gmail.com,worker,7,7
Patricia,Sallie,Barbey,.Barbey@yopmail.com,undefined.Barbey@gmail.com,doctor,8,8
Karena,Kathi,Fiann,.Fiann@yopmail.com,undefined.Fiann@gmail.com,doctor,9,9
Nyssa,Wynne,Oster,.Oster@yopmail.com,undefined.Oster@gmail.com,developer,10,10
Sonni,Bill,Joni,.Joni@yopmail.com,undefined.Joni@gmail.com,worker,11,11
Leanna,Deane,Atonsah,.Atonsah@yopmail.com,undefined.Atonsah@gmail.com,police officer,12,12
Ruthe,Jinny,Edmund,.Edmund@yopmail.com,undefined.Edmund@gmail.com,police officer,13,13
Kassey,Loree,Meter,.Meter@yopmail.com,undefined.Meter@gmail.com,firefighter,14,14
Max,Suzette,Dimitris,.Dimitris@yopmail.com,undefined.Dimitris@gmail.com,firefighter,15,15
Neila,Ruthe,Sundin,.Sundin@yopmail.com,undefined.Sundin@gmail.com,worker,16,16
Natka,Aaren,Clara,.Clara@yopmail.com,undefined.Clara@gmail.com,firefighter,17,17
Moyna,Roslyn,Hessler,.Hessler@yopmail.com,undefined.Hessler@gmail.com,doctor,18,18
Cacilie,Bobbi,Stelle,.Stelle@yopmail.com,undefined.Stelle@gmail.com,police officer,19,19
Louella,Ermengarde,Seumas,.Seumas@yopmail.com,undefined.Seumas@gmail.com,firefighter,20,20
Nollie,Max,Lareena,.Lareena@yopmail.com,undefined.Lareena@gmail.com,firefighter,21,21
Gaylene,Laure,Swigart,.Swigart@yopmail.com,undefined.Swigart@gmail.com,police officer,22,22
Pamella,Merrie,Imelida,.Imelida@yopmail.com,undefined.Imelida@gmail.com,firefighter,23,23
Lorenza,Karina,Faso,.Faso@yopmail.com,undefined.Faso@gmail.com,police officer,24,24
Blondelle,Tierney,Orlene,.Orlene@yopmail.com,undefined.Orlene@gmail.com,firefighter,25,25
Lorie,Kenna,Libna,.Libna@yopmail.com,undefined.Libna@gmail.com,firefighter,26,26
Fredericka,Meghann,Winthorpe,.Winthorpe@yopmail.com,undefined.Winthorpe@gmail.com,developer,27,27
Gui,Andeee,Craggie,.Craggie@yopmail.com,undefined.Craggie@gmail.com,worker,28,28
Margarette,Karina,Monk,.Monk@yopmail.com,undefined.Monk@gmail.com,police officer,29,29
Beverley,Gretal,Schonfeld,.Schonfeld@yopmail.com,undefined.Schonfeld@gmail.com,doctor,30,30
Meg,Jaclyn,Calhoun,.Calhoun@yopmail.com,undefined.Calhoun@gmail.com,firefighter,31,31
Mara,Annaliese,Susannah,.Susannah@yopmail.com,undefined.Susannah@gmail.com,police officer,32,32
Charissa,Roseline,Lanita,.Lanita@yopmail.com,undefined.Lanita@gmail.com,worker,33,33
Heddie,Patricia,Plato,.Plato@yopmail.com,undefined.Plato@gmail.com,police officer,34,34
Nanete,Phylis,Gibbeon,.Gibbeon@yopmail.com,undefined.Gibbeon@gmail.com,police officer,35,35
Lesly,Annora,Koehler,.Koehler@yopmail.com,undefined.Koehler@gmail.com,worker,36,36
Dulce,Maye,Giule,.Giule@yopmail.com,undefined.Giule@gmail.com,police officer,37,37
Agathe,Yolane,Henrie,.Henrie@yopmail.com,undefined.Henrie@gmail.com,worker,38,38
Wynne,Diena,Sibyls,.Sibyls@yopmail.com,undefined.Sibyls@gmail.com,police officer,39,39
Zaria,Philis,Narton,.Narton@yopmail.com,undefined.Narton@gmail.com,doctor,40,40
Belva,Minne,Goode,.Goode@yopmail.com,undefined.Goode@gmail.com,developer,41,41
Petronia,Jan,Vilma,.Vilma@yopmail.com,undefined.Vilma@gmail.com,developer,42,42
Marguerite,Anica,Clara,.Clara@yopmail.com,undefined.Clara@gmail.com,worker,43,43
Gertrud,Alexine,Tryck,.Tryck@yopmail.com,undefined.Tryck@gmail.com,doctor,44,44
Quintina,Heida,Audly,.Audly@yopmail.com,undefined.Audly@gmail.com,firefighter,45,45
Gilligan,Janeczka,Winnick,.Winnick@yopmail.com,undefined.Winnick@gmail.com,police officer,46,46
Ketti,Fredericka,Michella,.Michella@yopmail.com,undefined.Michella@gmail.com,worker,47,47
Talya,Johna,Amasa,.Amasa@yopmail.com,undefined.Amasa@gmail.com,developer,48,48
Riannon,Zaria,Ophelia,.Ophelia@yopmail.com,undefined.Ophelia@gmail.com,worker,49,49
Melisent,Charmaine,Mayeda,.Mayeda@yopmail.com,undefined.Mayeda@gmail.com,firefighter,50,50
Renie,Dennie,Marisa,.Marisa@yopmail.com,undefined.Marisa@gmail.com,police officer,51,51
Julieta,Aurore,Sperling,.Sperling@yopmail.com,undefined.Sperling@gmail.com,firefighter,52,52
Celestyna,Chickie,Rugen,.Rugen@yopmail.com,undefined.Rugen@gmail.com,worker,53,53
Eugine,Harrietta,Vernier,.Vernier@yopmail.com,undefined.Vernier@gmail.com,worker,54,54
Randa,Maisey,Koziara,.Koziara@yopmail.com,undefined.Koziara@gmail.com,police officer,55,55
Jillayne,Eolanda,Plato,.Plato@yopmail.com,undefined.Plato@gmail.com,doctor,56,56
Susette,Dominga,Standing,.Standing@yopmail.com,undefined.Standing@gmail.com,developer,57,57
Binny,Elmira,Isacco,.Isacco@yopmail.com,undefined.Isacco@gmail.com,firefighter,58,58
Lynde,Miquela,Seumas,.Seumas@yopmail.com,undefined.Seumas@gmail.com,firefighter,59,59
Rhoda,Larine,Hebner,.Hebner@yopmail.com,undefined.Hebner@gmail.com,doctor,60,60
Henriette,Linet,Terrence,.Terrence@yopmail.com,undefined.Terrence@gmail.com,police officer,61,61
Roz,Candi,Roscoe,.Roscoe@yopmail.com,undefined.Roscoe@gmail.com,firefighter,62,62
Paule,Phylis,Jefferey,.Jefferey@yopmail.com,undefined.Jefferey@gmail.com,worker,63,63
Corina,Sophia,Melan,.Melan@yopmail.com,undefined.Melan@gmail.com,firefighter,64,64
Shaine,Natka,Gordon,.Gordon@yopmail.com,undefined.Gordon@gmail.com,firefighter,65,65
Lilith,Winny,Travax,.Travax@yopmail.com,undefined.Travax@gmail.com,police officer,66,66
Melanie,Celestyna,Bates,.Bates@yopmail.com,undefined.Bates@gmail.com,doctor,67,67
Vonny,Allyce,Kiersten,.Kiersten@yopmail.com,undefined.Kiersten@gmail.com,firefighter,68,68
Yvonne,Odessa,Billye,.Billye@yopmail.com,undefined.Billye@gmail.com,developer,69,69
Hayley,Fawne,Pascia,.Pascia@yopmail.com,undefined.Pascia@gmail.com,police officer,70,70
Margarette,Kimberley,Colbert,.Colbert@yopmail.com,undefined.Colbert@gmail.com,developer,71,71
Ilse,Gui,Ursulette,.Ursulette@yopmail.com,undefined.Ursulette@gmail.com,worker,72,72
Clary,Nannie,Carlson,.Carlson@yopmail.com,undefined.Carlson@gmail.com,worker,73,73
Vivia,Carmencita,Freddi,.Freddi@yopmail.com,undefined.Freddi@gmail.com,worker,74,74
Gloria,Bertine,Hurley,.Hurley@yopmail.com,undefined.Hurley@gmail.com,worker,75,75
Vevay,Xylina,Munn,.Munn@yopmail.com,undefined.Munn@gmail.com,police officer,76,76
Nariko,Linet,Santoro,.Santoro@yopmail.com,undefined.Santoro@gmail.com,worker,77,77
Paola,Roz,Glenden,.Glenden@yopmail.com,undefined.Glenden@gmail.com,developer,78,78
Gwenneth,Elyssa,Bartlett,.Bartlett@yopmail.com,undefined.Bartlett@gmail.com,doctor,79,79
Audrie,Goldie,Halsey,.Halsey@yopmail.com,undefined.Halsey@gmail.com,worker,80,80
Elena,Tori,Hubert,.Hubert@yopmail.com,undefined.Hubert@gmail.com,doctor,81,81
Calla,Jaime,Diann,.Diann@yopmail.com,undefined.Diann@gmail.com,developer,82,82
Janis,Andeee,Braun,.Braun@yopmail.com,undefined.Braun@gmail.com,doctor,83,83
Roberta,Genevra,Bashemeth,.Bashemeth@yopmail.com,undefined.Bashemeth@gmail.com,developer,84,84
Raquela,Anallese,Nunci,.Nunci@yopmail.com,undefined.Nunci@gmail.com,doctor,85,85
Neila,Ermengarde,Stuart,.Stuart@yopmail.com,undefined.Stuart@gmail.com,doctor,86,86
Robbi,Lila,Amasa,.Amasa@yopmail.com,undefined.Amasa@gmail.com,firefighter,87,87
Nonnah,Alameda,Hurley,.Hurley@yopmail.com,undefined.Hurley@gmail.com,police officer,88,88
Florie,Konstance,Publia,.Publia@yopmail.com,undefined.Publia@gmail.com,developer,89,89
Deedee,Viviene,Freddi,.Freddi@yopmail.com,undefined.Freddi@gmail.com,police officer,90,90
Roxane,Bernardine,Erminia,.Erminia@yopmail.com,undefined.Erminia@gmail.com,doctor,91,91
Rebeca,Georgetta,Charmine,.Charmine@yopmail.com,undefined.Charmine@gmail.com,worker,92,92
Alejandra,Millie,Fitzsimmons,.Fitzsimmons@yopmail.com,undefined.Fitzsimmons@gmail.com,worker,93,93
Dotty,Deirdre,Drisko,.Drisko@yopmail.com,undefined.Drisko@gmail.com,doctor,94,94
Mariann,Fawne,Ciapas,.Ciapas@yopmail.com,undefined.Ciapas@gmail.com,firefighter,95,95
Kassey,Modestia,Flita,.Flita@yopmail.com,undefined.Flita@gmail.com,police officer,96,96
Ebonee,Gabriellia,Paton,.Paton@yopmail.com,undefined.Paton@gmail.com,worker,97,97
Brena,Jany,Phyllis,.Phyllis@yopmail.com,undefined.Phyllis@gmail.com,police officer,98,98
Marnia,Thalia,Callista,.Callista@yopmail.com,undefined.Callista@gmail.com,doctor,99,99
Ellette,Mara,Alisia,.Alisia@yopmail.com,undefined.Alisia@gmail.com,worker,100,100
Coral,Lisette,Garrison,.Garrison@yopmail.com,undefined.Garrison@gmail.com,firefighter,101,101
Lesly,Brena,Braun,.Braun@yopmail.com,undefined.Braun@gmail.com,developer,102,102
Michaelina,Kimberley,Garlinda,.Garlinda@yopmail.com,undefined.Garlinda@gmail.com,developer,103,103
Aigneis,Cissiee,Emanuel,.Emanuel@yopmail.com,undefined.Emanuel@gmail.com,doctor,104,104
Wynne,Mallory,Elbertina,.Elbertina@yopmail.com,undefined.Elbertina@gmail.com,police officer,105,105
Sarette,Sara-Ann,Brittani,.Brittani@yopmail.com,undefined.Brittani@gmail.com,police officer,106,106
Gaylene,Ingrid,Lemuela,.Lemuela@yopmail.com,undefined.Lemuela@gmail.com,police officer,107,107
Lolita,Inga,Gemini,.Gemini@yopmail.com,undefined.Gemini@gmail.com,developer,108,108
Annecorinne,Margette,Dituri,.Dituri@yopmail.com,undefined.Dituri@gmail.com,developer,109,109
Judy,Margette,Strephon,.Strephon@yopmail.com,undefined.Strephon@gmail.com,police officer,110,110
Krystle,Arabel,Shaddock,.Shaddock@yopmail.com,undefined.Shaddock@gmail.com,police officer,111,111
Marti,Lory,Eachern,.Eachern@yopmail.com,undefined.Eachern@gmail.com,doctor,112,112
Wynne,Kirstin,Natica,.Natica@yopmail.com,undefined.Natica@gmail.com,doctor,113,113
Susette,Alleen,Niccolo,.Niccolo@yopmail.com,undefined.Niccolo@gmail.com,worker,114,114
Bill,Karolina,Mandler,.Mandler@yopmail.com,undefined.Mandler@gmail.com,worker,115,115
Deloria,Dania,Wesle,.Wesle@yopmail.com,undefined.Wesle@gmail.com,police officer,116,116
Marline,Lucy,Tryck,.Tryck@yopmail.com,undefined.Tryck@gmail.com,doctor,117,117
Dale,Meghann,Ogren,.Ogren@yopmail.com,undefined.Ogren@gmail.com,police officer,118,118
Sheree,Kristina,Stanwood,.Stanwood@yopmail.com,undefined.Stanwood@gmail.com,developer,119,119
Sadie,Devina,Wyn,.Wyn@yopmail.com,undefined.Wyn@gmail.com,firefighter,120,120
Carolina,Celene,Havens,.Havens@yopmail.com,undefined.Havens@gmail.com,doctor,121,121
Catrina,Belinda,Noman,.Noman@yopmail.com,undefined.Noman@gmail.com,worker,122,122
Sue,Hannis,Helfand,.Helfand@yopmail.com,undefined.Helfand@gmail.com,firefighter,123,123
Ekaterina,Jillayne,Libna,.Libna@yopmail.com,undefined.Libna@gmail.com,doctor,124,124
Annora,Janis,Latini,.Latini@yopmail.com,undefined.Latini@gmail.com,worker,125,125
Morganica,Melanie,Birdella,.Birdella@yopmail.com,undefined.Birdella@gmail.com,developer,126,126
Wanda,Alia,Gillan,.Gillan@yopmail.com,undefined.Gillan@gmail.com,police officer,127,127
Ruthe,Lauryn,Jalbert,.Jalbert@yopmail.com,undefined.Jalbert@gmail.com,police officer,128,128
Keelia,Carol-Jean,Rebecka,.Rebecka@yopmail.com,undefined.Rebecka@gmail.com,doctor,129,129
Carree,Violet,Dash,.Dash@yopmail.com,undefined.Dash@gmail.com,worker,130,130
Sam,Gusty,Annice,.Annice@yopmail.com,undefined.Annice@gmail.com,police officer,131,131
Karly,Teddie,Jess,.Jess@yopmail.com,undefined.Jess@gmail.com,developer,132,132
Paola,Emelina,Ioab,.Ioab@yopmail.com,undefined.Ioab@gmail.com,developer,133,133
Dione,Brynna,Sisile,.Sisile@yopmail.com,undefined.Sisile@gmail.com,police officer,134,134
Flo,Betta,Egbert,.Egbert@yopmail.com,undefined.Egbert@gmail.com,police officer,135,135
Briney,Sara-Ann,Shirberg,.Shirberg@yopmail.com,undefined.Shirberg@gmail.com,firefighter,136,136
Marnia,Jackie,My,.My@yopmail.com,undefined.My@gmail.com,developer,137,137
Sandie,Cissiee,Bearnard,.Bearnard@yopmail.com,undefined.Bearnard@gmail.com,doctor,138,138
Randa,Alexine,Obed,.Obed@yopmail.com,undefined.Obed@gmail.com,police officer,139,139
Celestyna,Ada,Irmine,.Irmine@yopmail.com,undefined.Irmine@gmail.com,police officer,140,140
Lusa,Wynne,O'Carroll,.O'Carroll@yopmail.com,undefined.O'Carroll@gmail.com,police officer,141,141
Sarette,Gilda,Sacken,.Sacken@yopmail.com,undefined.Sacken@gmail.com,police officer,142,142
Merle,Kaja,Hourigan,.Hourigan@yopmail.com,undefined.Hourigan@gmail.com,developer,143,143
Elie,Robinia,Franza,.Franza@yopmail.com,undefined.Franza@gmail.com,firefighter,144,144
Jessy,Elena,Juliet,.Juliet@yopmail.com,undefined.Juliet@gmail.com,developer,145,145
Deedee,Libbie,Germann,.Germann@yopmail.com,undefined.Germann@gmail.com,police officer,146,146
Livvyy,Ernesta,Rese,.Rese@yopmail.com,undefined.Rese@gmail.com,worker,147,147
Esmeralda,Gloria,Koziara,.Koziara@yopmail.com,undefined.Koziara@gmail.com,firefighter,148,148
Gisela,Hollie,Moseley,.Moseley@yopmail.com,undefined.Moseley@gmail.com,firefighter,149,149
Ardeen,Nadine,Wildermuth,.Wildermuth@yopmail.com,undefined.Wildermuth@gmail.com,doctor,150,150
Anthia,Kathy,Parette,.Parette@yopmail.com,undefined.Parette@gmail.com,worker,151,151
Ariela,Konstance,Kellby,.Kellby@yopmail.com,undefined.Kellby@gmail.com,firefighter,152,152
Edyth,Silvana,Chinua,.Chinua@yopmail.com,undefined.Chinua@gmail.com,developer,153,153
Margalo,Rosaline,Kylander,.Kylander@yopmail.com,undefined.Kylander@gmail.com,worker,154,154
Roseline,Wanda,Fosque,.Fosque@yopmail.com,undefined.Fosque@gmail.com,doctor,155,155
Hollie,Anestassia,Dichy,.Dichy@yopmail.com,undefined.Dichy@gmail.com,worker,156,156
Mignon,Jillayne,Erminia,.Erminia@yopmail.com,undefined.Erminia@gmail.com,doctor,157,157
Briney,Karena,Marlie,.Marlie@yopmail.com,undefined.Marlie@gmail.com,police officer,158,158
Sheree,Lisette,Beebe,.Beebe@yopmail.com,undefined.Beebe@gmail.com,worker,159,159
Olwen,Gretal,Arne,.Arne@yopmail.com,undefined.Arne@gmail.com,firefighter,160,160
Carmencita,Brooks,Kirbee,.Kirbee@yopmail.com,undefined.Kirbee@gmail.com,firefighter,161,161
Adele,Rosene,Riordan,.Riordan@yopmail.com,undefined.Riordan@gmail.com,police officer,162,162
Elmira,Viki,Clywd,.Clywd@yopmail.com,undefined.Clywd@gmail.com,firefighter,163,163
Babita,Gilligan,Scammon,.Scammon@yopmail.com,undefined.Scammon@gmail.com,developer,164,164
Alia,Abbie,Gamaliel,.Gamaliel@yopmail.com,undefined.Gamaliel@gmail.com,developer,165,165
Penelopa,Annabela,Dowski,.Dowski@yopmail.com,undefined.Dowski@gmail.com,developer,166,166
Ruthe,Ermengarde,Chem,.Chem@yopmail.com,undefined.Chem@gmail.com,developer,167,167
Aigneis,Rochette,Rozanna,.Rozanna@yopmail.com,undefined.Rozanna@gmail.com,worker,168,168
Beverley,Livvyy,Dowski,.Dowski@yopmail.com,undefined.Dowski@gmail.com,police officer,169,169
Jillayne,Sherrie,Bates,.Bates@yopmail.com,undefined.Bates@gmail.com,developer,170,170
Winny,Deirdre,Wiener,.Wiener@yopmail.com,undefined.Wiener@gmail.com,police officer,171,171
Nannie,Elfreda,Pettiford,.Pettiford@yopmail.com,undefined.Pettiford@gmail.com,firefighter,172,172
Miquela,Arabel,Bashemeth,.Bashemeth@yopmail.com,undefined.Bashemeth@gmail.com,police officer,173,173
Latisha,Elvira,Baudin,.Baudin@yopmail.com,undefined.Baudin@gmail.com,worker,174,174
Mady,Ursulina,Saree,.Saree@yopmail.com,undefined.Saree@gmail.com,police officer,175,175
Marnia,Donnie,Christine,.Christine@yopmail.com,undefined.Christine@gmail.com,police officer,176,176
Jaime,Aimil,Auberbach,.Auberbach@yopmail.com,undefined.Auberbach@gmail.com,firefighter,177,177
Dolli,Clarice,Wilona,.Wilona@yopmail.com,undefined.Wilona@gmail.com,worker,178,178
Elfreda,Shell,Sacken,.Sacken@yopmail.com,undefined.Sacken@gmail.com,worker,179,179
Lucy,Sissy,Lowry,.Lowry@yopmail.com,undefined.Lowry@gmail.com,worker,180,180
Gale,Chandra,Sprage,.Sprage@yopmail.com,undefined.Sprage@gmail.com,developer,181,181
Atlanta,Merry,Harned,.Harned@yopmail.com,undefined.Harned@gmail.com,doctor,182,182
Veda,Addia,Vins,.Vins@yopmail.com,undefined.Vins@gmail.com,worker,183,183
Sheree,Gavrielle,Serilda,.Serilda@yopmail.com,undefined.Serilda@gmail.com,police officer,184,184
Eugine,Winifred,Even,.Even@yopmail.com,undefined.Even@gmail.com,developer,185,185
Emilia,Winny,Wind,.Wind@yopmail.com,undefined.Wind@gmail.com,worker,186,186
Heddie,Brena,Llovera,.Llovera@yopmail.com,undefined.Llovera@gmail.com,doctor,187,187
Jere,Kamilah,Bethany,.Bethany@yopmail.com,undefined.Bethany@gmail.com,doctor,188,188
Jeanna,Gabriellia,Haldas,.Haldas@yopmail.com,undefined.Haldas@gmail.com,police officer,189,189
Vanessa,Elena,Alexandr,.Alexandr@yopmail.com,undefined.Alexandr@gmail.com,police officer,190,190
Roslyn,Sarette,Bow,.Bow@yopmail.com,undefined.Bow@gmail.com,developer,191,191
Lucy,Jeanna,Sharl,.Sharl@yopmail.com,undefined.Sharl@gmail.com,doctor,192,192
Gratia,Oralee,Alcott,.Alcott@yopmail.com,undefined.Alcott@gmail.com,police officer,193,193
Orelia,Peri,Boehike,.Boehike@yopmail.com,undefined.Boehike@gmail.com,doctor,194,194
Rebeca,Nadine,Yerkovich,.Yerkovich@yopmail.com,undefined.Yerkovich@gmail.com,worker,195,195
Karly,Aimil,Pauly,.Pauly@yopmail.com,undefined.Pauly@gmail.com,worker,196,196
Lolita,Gratia,Dituri,.Dituri@yopmail.com,undefined.Dituri@gmail.com,worker,197,197
Ira,Jsandye,Hunfredo,.Hunfredo@yopmail.com,undefined.Hunfredo@gmail.com,worker,198,198
Farrah,Marinna,Charity,.Charity@yopmail.com,undefined.Charity@gmail.com,worker,199,199
Sallie,Rozele,Cutlerr,.Cutlerr@yopmail.com,undefined.Cutlerr@gmail.com,worker,200,200
Ingrid,Barbi,Maples,.Maples@yopmail.com,undefined.Maples@gmail.com,police officer,201,201
Cissiee,Raina,Armanda,.Armanda@yopmail.com,undefined.Armanda@gmail.com,developer,202,202
Wynne,Sibella,Engdahl,.Engdahl@yopmail.com,undefined.Engdahl@gmail.com,worker,203,203
Nollie,Joeann,Caitlin,.Caitlin@yopmail.com,undefined.Caitlin@gmail.com,developer,204,204
Doro,Angela,Tristram,.Tristram@yopmail.com,undefined.Tristram@gmail.com,police officer,205,205
Renie,Kassey,Dermott,.Dermott@yopmail.com,undefined.Dermott@gmail.com,firefighter,206,206
Max,Leeanne,Nisbet,.Nisbet@yopmail.com,undefined.Nisbet@gmail.com,firefighter,207,207
Lexine,Steffane,Merat,.Merat@yopmail.com,undefined.Merat@gmail.com,police officer,208,208
Karina,Goldie,Penelopa,.Penelopa@yopmail.com,undefined.Penelopa@gmail.com,doctor,209,209
Sarette,Jacenta,Gilmour,.Gilmour@yopmail.com,undefined.Gilmour@gmail.com,firefighter,210,210
Elbertina,Cherilyn,Bartlett,.Bartlett@yopmail.com,undefined.Bartlett@gmail.com,worker,211,211
Doro,Tressa,Cherianne,.Cherianne@yopmail.com,undefined.Cherianne@gmail.com,firefighter,212,212
Harrietta,Ashlee,Waite,.Waite@yopmail.com,undefined.Waite@gmail.com,developer,213,213
Sophia,Aaren,Jena,.Jena@yopmail.com,undefined.Jena@gmail.com,police officer,214,214
Blondelle,Celene,Justinn,.Justinn@yopmail.com,undefined.Justinn@gmail.com,firefighter,215,215
Zsa Zsa,Marcy,Kylander,.Kylander@yopmail.com,undefined.Kylander@gmail.com,firefighter,216,216
Adele,Joceline,Stevy,.Stevy@yopmail.com,undefined.Stevy@gmail.com,police officer,217,217
Hermione,Stacey,Cohdwell,.Cohdwell@yopmail.com,undefined.Cohdwell@gmail.com,developer,218,218
Jean,Joelly,Pelagias,.Pelagias@yopmail.com,undefined.Pelagias@gmail.com,worker,219,219
Paola,Lauryn,Stilwell,.Stilwell@yopmail.com,undefined.Stilwell@gmail.com,police officer,220,220
Debee,Hildegaard,Blisse,.Blisse@yopmail.com,undefined.Blisse@gmail.com,worker,221,221
Daphne,Madelle,Dreda,.Dreda@yopmail.com,undefined.Dreda@gmail.com,police officer,222,222
Hildegaard,Di,Hoban,.Hoban@yopmail.com,undefined.Hoban@gmail.com,firefighter,223,223
Wendi,Cissiee,Bakerman,.Bakerman@yopmail.com,undefined.Bakerman@gmail.com,worker,224,224
Nataline,Nonnah,Syd,.Syd@yopmail.com,undefined.Syd@gmail.com,firefighter,225,225
Dagmar,Dolli,Ezar,.Ezar@yopmail.com,undefined.Ezar@gmail.com,firefighter,226,226
Stephanie,Gertrud,Sherfield,.Sherfield@yopmail.com,undefined.Sherfield@gmail.com,firefighter,227,227
Loree,Tina,Hoban,.Hoban@yopmail.com,undefined.Hoban@gmail.com,firefighter,228,228
Celene,Tori,Cath,.Cath@yopmail.com,undefined.Cath@gmail.com,doctor,229,229
Fawne,Rayna,Granoff,.Granoff@yopmail.com,undefined.Granoff@gmail.com,worker,230,230
Blinni,Estell,Duwalt,.Duwalt@yopmail.com,undefined.Duwalt@gmail.com,firefighter,231,231
Catrina,Luci,Eldrid,.Eldrid@yopmail.com,undefined.Eldrid@gmail.com,developer,232,232
Meg,Melisent,Maryanne,.Maryanne@yopmail.com,undefined.Maryanne@gmail.com,developer,233,233
Cindelyn,Mamie,Marisa,.Marisa@yopmail.com,undefined.Marisa@gmail.com,developer,234,234
Fanchon,Ardys,Naashom,.Naashom@yopmail.com,undefined.Naashom@gmail.com,firefighter,235,235
Anthia,Dorene,Douglass,.Douglass@yopmail.com,undefined.Douglass@gmail.com,firefighter,236,236
Joleen,Charissa,Gombach,.Gombach@yopmail.com,undefined.Gombach@gmail.com,developer,237,237
Millie,Jan,Nance,.Nance@yopmail.com,undefined.Nance@gmail.com,police officer,238,238
Liana,Priscilla,Dorothy,.Dorothy@yopmail.com,undefined.Dorothy@gmail.com,developer,239,239
Trudie,Deane,Lowry,.Lowry@yopmail.com,undefined.Lowry@gmail.com,worker,240,240
Chere,Daphne,Faro,.Faro@yopmail.com,undefined.Faro@gmail.com,police officer,241,241
Shauna,Nadine,Emerson,.Emerson@yopmail.com,undefined.Emerson@gmail.com,worker,242,242
Frank,Kittie,Zeeba,.Zeeba@yopmail.com,undefined.Zeeba@gmail.com,worker,243,243
Merle,Alia,Yoko,.Yoko@yopmail.com,undefined.Yoko@gmail.com,police officer,244,244
Alyda,Kimmy,Ietta,.Ietta@yopmail.com,undefined.Ietta@gmail.com,police officer,245,245
Cristine,Luci,Riva,.Riva@yopmail.com,undefined.Riva@gmail.com,doctor,246,246
Clementine,Kirbee,Faso,.Faso@yopmail.com,undefined.Faso@gmail.com,police officer,247,247
Kalina,Maye,Hermes,.Hermes@yopmail.com,undefined.Hermes@gmail.com,doctor,248,248
Margalo,Dania,Artie,.Artie@yopmail.com,undefined.Artie@gmail.com,developer,249,249
Wilma,Arabel,Santoro,.Santoro@yopmail.com,undefined.Santoro@gmail.com,doctor,250,250
Rochette,Celestyna,Kussell,.Kussell@yopmail.com,undefined.Kussell@gmail.com,developer,251,251
Ivett,Fina,Leary,.Leary@yopmail.com,undefined.Leary@gmail.com,worker,252,252
Elmira,Deedee,Melleta,.Melleta@yopmail.com,undefined.Melleta@gmail.com,doctor,253,253
Lory,Lesly,Evangelia,.Evangelia@yopmail.com,undefined.Evangelia@gmail.com,worker,254,254
Lexine,Wendi,Jillane,.Jillane@yopmail.com,undefined.Jillane@gmail.com,police officer,255,255
Janis,Wynne,Trace,.Trace@yopmail.com,undefined.Trace@gmail.com,police officer,256,256
Asia,Elena,Eiser,.Eiser@yopmail.com,undefined.Eiser@gmail.com,doctor,257,257
Donnie,Rochette,Milde,.Milde@yopmail.com,undefined.Milde@gmail.com,firefighter,258,258
Liana,Kial,Dawkins,.Dawkins@yopmail.com,undefined.Dawkins@gmail.com,doctor,259,259
Bobinette,Madelle,Olin,.Olin@yopmail.com,undefined.Olin@gmail.com,firefighter,260,260
Cassondra,Carmela,Hieronymus,.Hieronymus@yopmail.com,undefined.Hieronymus@gmail.com,worker,261,261
Gertrud,Jillayne,Hepsibah,.Hepsibah@yopmail.com,undefined.Hepsibah@gmail.com,police officer,262,262
Nyssa,Paola,Wallis,.Wallis@yopmail.com,undefined.Wallis@gmail.com,developer,263,263
Damaris,Chere,Beebe,.Beebe@yopmail.com,undefined.Beebe@gmail.com,police officer,264,264
Alexine,Kate,Caitlin,.Caitlin@yopmail.com,undefined.Caitlin@gmail.com,developer,265,265
Kial,Tatiania,Constancy,.Constancy@yopmail.com,undefined.Constancy@gmail.com,police officer,266,266
Kristan,Carmela,Madelene,.Madelene@yopmail.com,undefined.Madelene@gmail.com,doctor,267,267
Viviene,Dyann,Haldas,.Haldas@yopmail.com,undefined.Haldas@gmail.com,doctor,268,268
Rori,Iseabal,Toni,.Toni@yopmail.com,undefined.Toni@gmail.com,police officer,269,269
Roz,Kristan,MacIntosh,.MacIntosh@yopmail.com,undefined.MacIntosh@gmail.com,doctor,270,270
Nerta,Jasmina,Israeli,.Israeli@yopmail.com,undefined.Israeli@gmail.com,police officer,271,271
Vinita,Celisse,Bord,.Bord@yopmail.com,undefined.Bord@gmail.com,police officer,272,272
Nyssa,Lynea,Morehouse,.Morehouse@yopmail.com,undefined.Morehouse@gmail.com,developer,273,273
Janeczka,Sonni,Means,.Means@yopmail.com,undefined.Means@gmail.com,firefighter,274,274
Kate,Silvana,Agle,.Agle@yopmail.com,undefined.Agle@gmail.com,police officer,275,275
Betta,Agnese,Stefa,.Stefa@yopmail.com,undefined.Stefa@gmail.com,doctor,276,276
Anthia,Tomasina,Jaylene,.Jaylene@yopmail.com,undefined.Jaylene@gmail.com,developer,277,277
Pamella,Charmaine,Whiffen,.Whiffen@yopmail.com,undefined.Whiffen@gmail.com,doctor,278,278
Britte,Pierette,Wildermuth,.Wildermuth@yopmail.com,undefined.Wildermuth@gmail.com,police officer,279,279
Queenie,Cindelyn,Tamsky,.Tamsky@yopmail.com,undefined.Tamsky@gmail.com,developer,280,280
Leanna,Clo,Pelagias,.Pelagias@yopmail.com,undefined.Pelagias@gmail.com,developer,281,281
Kimberley,Marsiella,Gilmour,.Gilmour@yopmail.com,undefined.Gilmour@gmail.com,worker,282,282
Ekaterina,Courtnay,Percy,.Percy@yopmail.com,undefined.Percy@gmail.com,worker,283,283
Laure,Nerta,Richers,.Richers@yopmail.com,undefined.Richers@gmail.com,doctor,284,284
Krystle,Charissa,Vernier,.Vernier@yopmail.com,undefined.Vernier@gmail.com,doctor,285,285
Maryellen,Loree,Croix,.Croix@yopmail.com,undefined.Croix@gmail.com,worker,286,286
Doralynne,Letizia,Rodmann,.Rodmann@yopmail.com,undefined.Rodmann@gmail.com,firefighter,287,287
Kary,Misha,Devlen,.Devlen@yopmail.com,undefined.Devlen@gmail.com,doctor,288,288
Fayre,Candi,Ailyn,.Ailyn@yopmail.com,undefined.Ailyn@gmail.com,firefighter,289,289
Fred,Pollyanna,Bennie,.Bennie@yopmail.com,undefined.Bennie@gmail.com,developer,290,290
Winny,Tarra,Solitta,.Solitta@yopmail.com,undefined.Solitta@gmail.com,worker,291,291
Raina,Dede,Thad,.Thad@yopmail.com,undefined.Thad@gmail.com,firefighter,292,292
Di,Averyl,Jefferey,.Jefferey@yopmail.com,undefined.Jefferey@gmail.com,firefighter,293,293
Fawne,Magdalena,Hebner,.Hebner@yopmail.com,undefined.Hebner@gmail.com,developer,294,294
Hayley,Georgina,Velick,.Velick@yopmail.com,undefined.Velick@gmail.com,developer,295,295
Lenna,Bertine,Ammann,.Ammann@yopmail.com,undefined.Ammann@gmail.com,firefighter,296,296
Clarice,Hope,Zenas,.Zenas@yopmail.com,undefined.Zenas@gmail.com,doctor,297,297
Collen,Peri,Leopold,.Leopold@yopmail.com,undefined.Leopold@gmail.com,developer,298,298
Merle,Donetta,Gaynor,.Gaynor@yopmail.com,undefined.Gaynor@gmail.com,police officer,299,299
Catrina,Hettie,Eugenia,.Eugenia@yopmail.com,undefined.Eugenia@gmail.com,worker,300,300
Gilda,Zondra,An,.An@yopmail.com,undefined.An@gmail.com,developer,301,301
Karolina,Olwen,Baylor,.Baylor@yopmail.com,undefined.Baylor@gmail.com,doctor,302,302
Korrie,Elie,Dudley,.Dudley@yopmail.com,undefined.Dudley@gmail.com,firefighter,303,303
Bobbi,Nicoli,Dannye,.Dannye@yopmail.com,undefined.Dannye@gmail.com,developer,304,304
Flory,Alameda,O'Carroll,.O'Carroll@yopmail.com,undefined.O'Carroll@gmail.com,doctor,305,305
Cherilyn,Clementine,Olympium,.Olympium@yopmail.com,undefined.Olympium@gmail.com,doctor,306,306
Juliane,Randa,Natica,.Natica@yopmail.com,undefined.Natica@gmail.com,firefighter,307,307
Renie,Carmela,Clarissa,.Clarissa@yopmail.com,undefined.Clarissa@gmail.com,police officer,308,308
Dotty,Ingrid,Hull,.Hull@yopmail.com,undefined.Hull@gmail.com,doctor,309,309
Winny,Agnese,Carmena,.Carmena@yopmail.com,undefined.Carmena@gmail.com,doctor,310,310
Shell,Josephine,Bari,.Bari@yopmail.com,undefined.Bari@gmail.com,worker,311,311
Lisette,Donetta,Aloise,.Aloise@yopmail.com,undefined.Aloise@gmail.com,firefighter,312,312
Bibby,Tonia,Pillsbury,.Pillsbury@yopmail.com,undefined.Pillsbury@gmail.com,firefighter,313,313
Neila,Moyna,Idelia,.Idelia@yopmail.com,undefined.Idelia@gmail.com,firefighter,314,314
Sibella,Annaliese,Artie,.Artie@yopmail.com,undefined.Artie@gmail.com,developer,315,315
Sandie,Aurelie,Decato,.Decato@yopmail.com,undefined.Decato@gmail.com,developer,316,316
Zondra,Jolyn,Latini,.Latini@yopmail.com,undefined.Latini@gmail.com,firefighter,317,317
Sandie,Rubie,Dahlia,.Dahlia@yopmail.com,undefined.Dahlia@gmail.com,doctor,318,318
Tina,Dyann,Breed,.Breed@yopmail.com,undefined.Breed@gmail.com,doctor,319,319
Lisette,Alex,Hilbert,.Hilbert@yopmail.com,undefined.Hilbert@gmail.com,police officer,320,320
Charissa,Deedee,Glovsky,.Glovsky@yopmail.com,undefined.Glovsky@gmail.com,developer,321,321
Calla,Kaia,Zenas,.Zenas@yopmail.com,undefined.Zenas@gmail.com,firefighter,322,322
Feliza,Kimberley,Meter,.Meter@yopmail.com,undefined.Meter@gmail.com,firefighter,323,323
Sindee,Cindelyn,Herrera,.Herrera@yopmail.com,undefined.Herrera@gmail.com,firefighter,324,324
Lorie,Christal,Orelee,.Orelee@yopmail.com,undefined.Orelee@gmail.com,worker,325,325
Belva,Danika,Colleen,.Colleen@yopmail.com,undefined.Colleen@gmail.com,developer,326,326
Michaelina,Lila,Thilda,.Thilda@yopmail.com,undefined.Thilda@gmail.com,firefighter,327,327
Dorice,Rebeca,Ciro,.Ciro@yopmail.com,undefined.Ciro@gmail.com,doctor,328,328
Pamella,Barbara,Sheng,.Sheng@yopmail.com,undefined.Sheng@gmail.com,worker,329,329
Tobe,Flo,Helve,.Helve@yopmail.com,undefined.Helve@gmail.com,firefighter,330,330
Sibella,Brana,Baylor,.Baylor@yopmail.com,undefined.Baylor@gmail.com,developer,331,331
Phylis,Dawn,Emmaline,.Emmaline@yopmail.com,undefined.Emmaline@gmail.com,developer,332,332
Corly,Fina,Lumbard,.Lumbard@yopmail.com,undefined.Lumbard@gmail.com,worker,333,333
Rosene,Mallory,Ehrman,.Ehrman@yopmail.com,undefined.Ehrman@gmail.com,firefighter,334,334
Kimmy,Kimberley,Marsden,.Marsden@yopmail.com,undefined.Marsden@gmail.com,firefighter,335,335
Janis,Meriel,Brady,.Brady@yopmail.com,undefined.Brady@gmail.com,developer,336,336
Joane,Minne,Adrienne,.Adrienne@yopmail.com,undefined.Adrienne@gmail.com,firefighter,337,337
Linet,Mara,Anselmi,.Anselmi@yopmail.com,undefined.Anselmi@gmail.com,firefighter,338,338
Dolli,Selma,Kat,.Kat@yopmail.com,undefined.Kat@gmail.com,developer,339,339
Mariele,Mureil,Libna,.Libna@yopmail.com,undefined.Libna@gmail.com,worker,340,340
Carree,Alleen,Bury,.Bury@yopmail.com,undefined.Bury@gmail.com,police officer,341,341
Andeee,Averyl,Podvin,.Podvin@yopmail.com,undefined.Podvin@gmail.com,developer,342,342
Nyssa,Estell,Tamar,.Tamar@yopmail.com,undefined.Tamar@gmail.com,doctor,343,343
Darlleen,Andeee,Elo,.Elo@yopmail.com,undefined.Elo@gmail.com,worker,344,344
Caryl,Ruthe,Revkah,.Revkah@yopmail.com,undefined.Revkah@gmail.com,doctor,345,345
Jacquetta,Berta,Malvino,.Malvino@yopmail.com,undefined.Malvino@gmail.com,police officer,346,346
Hannis,Nelle,Harl,.Harl@yopmail.com,undefined.Harl@gmail.com,worker,347,347
Leanna,Phylis,Rocray,.Rocray@yopmail.com,undefined.Rocray@gmail.com,worker,348,348
Keelia,Ermengarde,Thilda,.Thilda@yopmail.com,undefined.Thilda@gmail.com,doctor,349,349
Sharai,Yetty,Uird,.Uird@yopmail.com,undefined.Uird@gmail.com,worker,350,350
Elka,Justinn,Hachmin,.Hachmin@yopmail.com,undefined.Hachmin@gmail.com,doctor,351,351
Lexine,Lynea,Ruvolo,.Ruvolo@yopmail.com,undefined.Ruvolo@gmail.com,developer,352,352
Dorice,Christian,Stacy,.Stacy@yopmail.com,undefined.Stacy@gmail.com,doctor,353,353
Sheelagh,Catrina,Jarib,.Jarib@yopmail.com,undefined.Jarib@gmail.com,doctor,354,354
Melodie,Kial,Hartnett,.Hartnett@yopmail.com,undefined.Hartnett@gmail.com,firefighter,355,355
Lorenza,Celene,Aida,.Aida@yopmail.com,undefined.Aida@gmail.com,doctor,356,356
Monika,Lorie,Garlinda,.Garlinda@yopmail.com,undefined.Garlinda@gmail.com,worker,357,357
Sharai,Adore,Bow,.Bow@yopmail.com,undefined.Bow@gmail.com,doctor,358,358
Lindie,Caressa,Bollay,.Bollay@yopmail.com,undefined.Bollay@gmail.com,doctor,359,359
Anica,Elfreda,Pillsbury,.Pillsbury@yopmail.com,undefined.Pillsbury@gmail.com,developer,360,360
Fayre,Alejandra,McNully,.McNully@yopmail.com,undefined.McNully@gmail.com,firefighter,361,361
Nyssa,Flo,Forrer,.Forrer@yopmail.com,undefined.Forrer@gmail.com,developer,362,362
Tracey,Moyna,Cullin,.Cullin@yopmail.com,undefined.Cullin@gmail.com,doctor,363,363
Fina,Consuela,Merna,.Merna@yopmail.com,undefined.Merna@gmail.com,worker,364,364
Rori,Molli,Madelene,.Madelene@yopmail.com,undefined.Madelene@gmail.com,firefighter,365,365
Kathy,Karly,Juan,.Juan@yopmail.com,undefined.Juan@gmail.com,firefighter,366,366
Mariann,Amelia,Oneida,.Oneida@yopmail.com,undefined.Oneida@gmail.com,firefighter,367,367
Silvana,Heida,Pulsifer,.Pulsifer@yopmail.com,undefined.Pulsifer@gmail.com,police officer,368,368
Madalyn,Roxane,Kermit,.Kermit@yopmail.com,undefined.Kermit@gmail.com,police officer,369,369
Dulcinea,Corene,Kauppi,.Kauppi@yopmail.com,undefined.Kauppi@gmail.com,developer,370,370
Lory,Ashlee,Alva,.Alva@yopmail.com,undefined.Alva@gmail.com,police officer,371,371
Karena,Cam,Anestassia,.Anestassia@yopmail.com,undefined.Anestassia@gmail.com,firefighter,372,372
Gale,Lila,Salchunas,.Salchunas@yopmail.com,undefined.Salchunas@gmail.com,doctor,373,373
Roz,Nerta,Jillane,.Jillane@yopmail.com,undefined.Jillane@gmail.com,police officer,374,374
Mara,Coral,Hewitt,.Hewitt@yopmail.com,undefined.Hewitt@gmail.com,developer,375,375
Myrtice,Deirdre,Amethist,.Amethist@yopmail.com,undefined.Amethist@gmail.com,police officer,376,376
Dolli,Dale,Billye,.Billye@yopmail.com,undefined.Billye@gmail.com,worker,377,377
Shirlee,Minda,Lea,.Lea@yopmail.com,undefined.Lea@gmail.com,worker,378,378
Kathi,Ilse,Schalles,.Schalles@yopmail.com,undefined.Schalles@gmail.com,doctor,379,379
Elsie,Frieda,Maxi,.Maxi@yopmail.com,undefined.Maxi@gmail.com,police officer,380,380
Lily,Julieta,Pond,.Pond@yopmail.com,undefined.Pond@gmail.com,worker,381,381
Noelle,Demetris,Carolin,.Carolin@yopmail.com,undefined.Carolin@gmail.com,firefighter,382,382
Dorene,Margarette,Dahlia,.Dahlia@yopmail.com,undefined.Dahlia@gmail.com,developer,383,383
Gloria,Daryl,Laverne,.Laverne@yopmail.com,undefined.Laverne@gmail.com,worker,384,384
Charmaine,Miquela,Nikaniki,.Nikaniki@yopmail.com,undefined.Nikaniki@gmail.com,doctor,385,385
Larine,Mady,Herrera,.Herrera@yopmail.com,undefined.Herrera@gmail.com,worker,386,386
Misha,Brandise,Ferrell,.Ferrell@yopmail.com,undefined.Ferrell@gmail.com,doctor,387,387
Gui,Alex,Grimbly,.Grimbly@yopmail.com,undefined.Grimbly@gmail.com,worker,388,388
Doralynne,Zia,Si,.Si@yopmail.com,undefined.Si@gmail.com,doctor,389,389
Therine,Veda,Honoria,.Honoria@yopmail.com,undefined.Honoria@gmail.com,developer,390,390
Justinn,Wileen,Grosz,.Grosz@yopmail.com,undefined.Grosz@gmail.com,developer,391,391
Beth,Frieda,Adrienne,.Adrienne@yopmail.com,undefined.Adrienne@gmail.com,doctor,392,392
Ethel,Maridel,Kellby,.Kellby@yopmail.com,undefined.Kellby@gmail.com,worker,393,393
Mariann,Hannis,Rolf,.Rolf@yopmail.com,undefined.Rolf@gmail.com,police officer,394,394
Valli,Maye,Danby,.Danby@yopmail.com,undefined.Danby@gmail.com,police officer,395,395
Jacquetta,Viki,Annabella,.Annabella@yopmail.com,undefined.Annabella@gmail.com,firefighter,396,396
Angela,Tarra,Westphal,.Westphal@yopmail.com,undefined.Westphal@gmail.com,developer,397,397
Daphne,Karolina,Saunderson,.Saunderson@yopmail.com,undefined.Saunderson@gmail.com,doctor,398,398
Gale,Kayla,Yam,.Yam@yopmail.com,undefined.Yam@gmail.com,doctor,399,399
Penelopa,Melina,Urania,.Urania@yopmail.com,undefined.Urania@gmail.com,developer,400,400
Beatriz,Kial,Jarib,.Jarib@yopmail.com,undefined.Jarib@gmail.com,doctor,401,401
Yvonne,Brandise,Ilka,.Ilka@yopmail.com,undefined.Ilka@gmail.com,police officer,402,402
Jennica,Chere,Blisse,.Blisse@yopmail.com,undefined.Blisse@gmail.com,developer,403,403
Tamqrah,Bobinette,Andrel,.Andrel@yopmail.com,undefined.Andrel@gmail.com,worker,404,404
Teriann,Nariko,Michella,.Michella@yopmail.com,undefined.Michella@gmail.com,firefighter,405,405
Nelle,Flory,Hachmin,.Hachmin@yopmail.com,undefined.Hachmin@gmail.com,police officer,406,406
Annice,Brooks,Tacye,.Tacye@yopmail.com,undefined.Tacye@gmail.com,police officer,407,407
Audrie,Rosabelle,Glovsky,.Glovsky@yopmail.com,undefined.Glovsky@gmail.com,firefighter,408,408
Alameda,Jinny,Agle,.Agle@yopmail.com,undefined.Agle@gmail.com,worker,409,409
Mathilda,Andree,Lory,.Lory@yopmail.com,undefined.Lory@gmail.com,police officer,410,410
Ileana,Sindee,Lasley,.Lasley@yopmail.com,undefined.Lasley@gmail.com,firefighter,411,411
Gianina,Chandra,Darian,.Darian@yopmail.com,undefined.Darian@gmail.com,worker,412,412
Georgetta,Emilia,Eldrid,.Eldrid@yopmail.com,undefined.Eldrid@gmail.com,firefighter,413,413
Joane,Isa,Voletta,.Voletta@yopmail.com,undefined.Voletta@gmail.com,worker,414,414
Cacilie,Anallese,Alcott,.Alcott@yopmail.com,undefined.Alcott@gmail.com,developer,415,415
Sam,Carol-Jean,Garlinda,.Garlinda@yopmail.com,undefined.Garlinda@gmail.com,police officer,416,416
Nananne,Pamella,Engdahl,.Engdahl@yopmail.com,undefined.Engdahl@gmail.com,worker,417,417
Roxane,Millie,Koziara,.Koziara@yopmail.com,undefined.Koziara@gmail.com,developer,418,418
Ericka,Dari,Kenwood,.Kenwood@yopmail.com,undefined.Kenwood@gmail.com,doctor,419,419
Aimil,Dotty,Warthman,.Warthman@yopmail.com,undefined.Warthman@gmail.com,developer,420,420
Vonny,Benita,Milde,.Milde@yopmail.com,undefined.Milde@gmail.com,police officer,421,421
Catrina,Shirlee,Nisbet,.Nisbet@yopmail.com,undefined.Nisbet@gmail.com,doctor,422,422
Fernande,Tomasina,Anyah,.Anyah@yopmail.com,undefined.Anyah@gmail.com,firefighter,423,423
Stacey,Ilse,Obed,.Obed@yopmail.com,undefined.Obed@gmail.com,firefighter,424,424
Nananne,Cacilie,Kussell,.Kussell@yopmail.com,undefined.Kussell@gmail.com,worker,425,425
Allis,Tami,Claudine,.Claudine@yopmail.com,undefined.Claudine@gmail.com,firefighter,426,426
Carmencita,Michaelina,Carvey,.Carvey@yopmail.com,undefined.Carvey@gmail.com,police officer,427,427
Chickie,Consuela,Lamoree,.Lamoree@yopmail.com,undefined.Lamoree@gmail.com,developer,428,428
Allis,Ebonee,Edvard,.Edvard@yopmail.com,undefined.Edvard@gmail.com,police officer,429,429
Jan,Renie,Pip,.Pip@yopmail.com,undefined.Pip@gmail.com,developer,430,430
Blinni,Sharai,Giff,.Giff@yopmail.com,undefined.Giff@gmail.com,doctor,431,431
Marsiella,Cam,Ciro,.Ciro@yopmail.com,undefined.Ciro@gmail.com,developer,432,432
Siana,Barbi,Gamaliel,.Gamaliel@yopmail.com,undefined.Gamaliel@gmail.com,developer,433,433
Shirlee,Trixi,Dosia,.Dosia@yopmail.com,undefined.Dosia@gmail.com,police officer,434,434
Miquela,Sarette,Dom,.Dom@yopmail.com,undefined.Dom@gmail.com,developer,435,435
Cecile,Daphne,Lorain,.Lorain@yopmail.com,undefined.Lorain@gmail.com,police officer,436,436
Elora,Mahalia,Desai,.Desai@yopmail.com,undefined.Desai@gmail.com,police officer,437,437
Kimmy,Dennie,Madelene,.Madelene@yopmail.com,undefined.Madelene@gmail.com,police officer,438,438
Ida,Averyl,Merell,.Merell@yopmail.com,undefined.Merell@gmail.com,developer,439,439
Candy,Leeanne,Ambrosia,.Ambrosia@yopmail.com,undefined.Ambrosia@gmail.com,worker,440,440
Arlina,Vanessa,Jorgan,.Jorgan@yopmail.com,undefined.Jorgan@gmail.com,police officer,441,441
Beverley,Goldie,Lissi,.Lissi@yopmail.com,undefined.Lissi@gmail.com,firefighter,442,442
Elvira,Maridel,Stacy,.Stacy@yopmail.com,undefined.Stacy@gmail.com,firefighter,443,443
Alexine,Lisette,Slifka,.Slifka@yopmail.com,undefined.Slifka@gmail.com,firefighter,444,444
Rochette,Goldie,Jacobah,.Jacobah@yopmail.com,undefined.Jacobah@gmail.com,firefighter,445,445
Josephine,Sindee,Weide,.Weide@yopmail.com,undefined.Weide@gmail.com,worker,446,446
Xylina,Magdalena,Gino,.Gino@yopmail.com,undefined.Gino@gmail.com,firefighter,447,447
Bee,Elbertina,Lia,.Lia@yopmail.com,undefined.Lia@gmail.com,developer,448,448
Nita,Concettina,Hamil,.Hamil@yopmail.com,undefined.Hamil@gmail.com,worker,449,449
Kimmy,Aurore,Thema,.Thema@yopmail.com,undefined.Thema@gmail.com,developer,450,450
Judy,Edith,Adamsen,.Adamsen@yopmail.com,undefined.Adamsen@gmail.com,firefighter,451,451
Ottilie,Grier,Martguerita,.Martguerita@yopmail.com,undefined.Martguerita@gmail.com,firefighter,452,452
Ermengarde,Ellette,Justinn,.Justinn@yopmail.com,undefined.Justinn@gmail.com,police officer,453,453
Janey,Robbi,Diogenes,.Diogenes@yopmail.com,undefined.Diogenes@gmail.com,worker,454,454
Inga,Stacey,Aida,.Aida@yopmail.com,undefined.Aida@gmail.com,developer,455,455
Augustine,Liana,Thunell,.Thunell@yopmail.com,undefined.Thunell@gmail.com,doctor,456,456
Leia,Farrah,Tillford,.Tillford@yopmail.com,undefined.Tillford@gmail.com,developer,457,457
Mellicent,Sean,Philipp,.Philipp@yopmail.com,undefined.Philipp@gmail.com,doctor,458,458
Ana,Nickie,Guthrie,.Guthrie@yopmail.com,undefined.Guthrie@gmail.com,police officer,459,459
Dione,Cathie,Nadia,.Nadia@yopmail.com,undefined.Nadia@gmail.com,doctor,460,460
Jackie,Blake,Jarib,.Jarib@yopmail.com,undefined.Jarib@gmail.com,worker,461,461
Gerrie,Elka,Raychel,.Raychel@yopmail.com,undefined.Raychel@gmail.com,firefighter,462,462
Dotty,Shannah,Wesle,.Wesle@yopmail.com,undefined.Wesle@gmail.com,worker,463,463
Jeanna,Georgina,Ciro,.Ciro@yopmail.com,undefined.Ciro@gmail.com,police officer,464,464
Madelle,Mellicent,Amand,.Amand@yopmail.com,undefined.Amand@gmail.com,worker,465,465
Sonni,Renae,Paine,.Paine@yopmail.com,undefined.Paine@gmail.com,firefighter,466,466
Christy,Bernardine,Frodi,.Frodi@yopmail.com,undefined.Frodi@gmail.com,doctor,467,467
Caressa,Lonnie,Dom,.Dom@yopmail.com,undefined.Dom@gmail.com,doctor,468,468
Estell,Rhea,Aurelio,.Aurelio@yopmail.com,undefined.Aurelio@gmail.com,doctor,469,469
Ayn,Olivette,Johnsson,.Johnsson@yopmail.com,undefined.Johnsson@gmail.com,worker,470,470
Max,Charlena,Phyllis,.Phyllis@yopmail.com,undefined.Phyllis@gmail.com,police officer,471,471
Angela,Roseline,Niccolo,.Niccolo@yopmail.com,undefined.Niccolo@gmail.com,police officer,472,472
Codie,Kittie,Juan,.Juan@yopmail.com,undefined.Juan@gmail.com,developer,473,473
Diena,Norine,Adore,.Adore@yopmail.com,undefined.Adore@gmail.com,developer,474,474
Florencia,Micheline,Garbe,.Garbe@yopmail.com,undefined.Garbe@gmail.com,police officer,475,475
Priscilla,Ada,Markman,.Markman@yopmail.com,undefined.Markman@gmail.com,developer,476,476
Aryn,Charmaine,Darbie,.Darbie@yopmail.com,undefined.Darbie@gmail.com,firefighter,477,477
Berta,Fanchon,Dannye,.Dannye@yopmail.com,undefined.Dannye@gmail.com,firefighter,478,478
Lolita,Marleah,Fink,.Fink@yopmail.com,undefined.Fink@gmail.com,developer,479,479
Ketti,Elise,Ogren,.Ogren@yopmail.com,undefined.Ogren@gmail.com,doctor,480,480
Micheline,Mariele,Dalli,.Dalli@yopmail.com,undefined.Dalli@gmail.com,developer,481,481
Sashenka,Kore,Belanger,.Belanger@yopmail.com,undefined.Belanger@gmail.com,worker,482,482
Elka,Jeanna,Gregrory,.Gregrory@yopmail.com,undefined.Gregrory@gmail.com,doctor,483,483
Carly,Alisha,Anis,.Anis@yopmail.com,undefined.Anis@gmail.com,police officer,484,484
Merry,Rani,Howlyn,.Howlyn@yopmail.com,undefined.Howlyn@gmail.com,developer,485,485
Helena,Mireielle,Radu,.Radu@yopmail.com,undefined.Radu@gmail.com,police officer,486,486
Kylynn,Carree,Sharl,.Sharl@yopmail.com,undefined.Sharl@gmail.com,worker,487,487
Sean,Harmonia,Faust,.Faust@yopmail.com,undefined.Faust@gmail.com,developer,488,488
Nollie,Cristabel,Abernon,.Abernon@yopmail.com,undefined.Abernon@gmail.com,police officer,489,489
Orelia,Bee,Schroth,.Schroth@yopmail.com,undefined.Schroth@gmail.com,doctor,490,490
Kassey,Dolli,Urias,.Urias@yopmail.com,undefined.Urias@gmail.com,police officer,491,491
Dawn,Charlena,Lynn,.Lynn@yopmail.com,undefined.Lynn@gmail.com,police officer,492,492
Aimil,Felice,Sherfield,.Sherfield@yopmail.com,undefined.Sherfield@gmail.com,developer,493,493
Tami,Georgina,Vorster,.Vorster@yopmail.com,undefined.Vorster@gmail.com,developer,494,494
Ellette,Gaylene,Urania,.Urania@yopmail.com,undefined.Urania@gmail.com,doctor,495,495
Nelle,Annice,Cherianne,.Cherianne@yopmail.com,undefined.Cherianne@gmail.com,developer,496,496
Lenna,Tonia,Millda,.Millda@yopmail.com,undefined.Millda@gmail.com,firefighter,497,497
Charlena,Imojean,Felecia,.Felecia@yopmail.com,undefined.Felecia@gmail.com,doctor,498,498
Annice,Alisha,Jerald,.Jerald@yopmail.com,undefined.Jerald@gmail.com,developer,499,499
Giustina,Marcelline,Donoghue,.Donoghue@yopmail.com,undefined.Donoghue@gmail.com,doctor,500,500
Shirlee,Angela,Ajay,.Ajay@yopmail.com,undefined.Ajay@gmail.com,police officer,501,501
Jsandye,Sean,Chick,.Chick@yopmail.com,undefined.Chick@gmail.com,developer,502,502
Agathe,Rori,Teddman,.Teddman@yopmail.com,undefined.Teddman@gmail.com,developer,503,503
Rozele,Mahalia,Michella,.Michella@yopmail.com,undefined.Michella@gmail.com,worker,504,504
Gusty,Allyce,Bibi,.Bibi@yopmail.com,undefined.Bibi@gmail.com,doctor,505,505
Brena,Constance,Khorma,.Khorma@yopmail.com,undefined.Khorma@gmail.com,worker,506,506
Jaclyn,Tabbatha,Kirstin,.Kirstin@yopmail.com,undefined.Kirstin@gmail.com,police officer,507,507
Emilia,Asia,Gillan,.Gillan@yopmail.com,undefined.Gillan@gmail.com,worker,508,508
Dominga,Renae,Pillsbury,.Pillsbury@yopmail.com,undefined.Pillsbury@gmail.com,doctor,509,509
Nariko,Mallory,Screens,.Screens@yopmail.com,undefined.Screens@gmail.com,police officer,510,510
Rosanne,Dione,Raama,.Raama@yopmail.com,undefined.Raama@gmail.com,developer,511,511
Linet,Nelle,Kolnick,.Kolnick@yopmail.com,undefined.Kolnick@gmail.com,doctor,512,512
Nelle,Mary,Mitzi,.Mitzi@yopmail.com,undefined.Mitzi@gmail.com,firefighter,513,513
Barbi,Charmaine,Dreda,.Dreda@yopmail.com,undefined.Dreda@gmail.com,firefighter,514,514
Kittie,Mignon,Cadmar,.Cadmar@yopmail.com,undefined.Cadmar@gmail.com,police officer,515,515
Shannah,Raquela,Sundin,.Sundin@yopmail.com,undefined.Sundin@gmail.com,developer,516,516
Glenda,Gaylene,Danby,.Danby@yopmail.com,undefined.Danby@gmail.com,doctor,517,517
Cristabel,Tina,Briney,.Briney@yopmail.com,undefined.Briney@gmail.com,firefighter,518,518
Tracey,Teriann,Gaynor,.Gaynor@yopmail.com,undefined.Gaynor@gmail.com,worker,519,519
Kaia,Mamie,Cloris,.Cloris@yopmail.com,undefined.Cloris@gmail.com,developer,520,520
Marline,Sidoney,Marden,.Marden@yopmail.com,undefined.Marden@gmail.com,developer,521,521
Jasmina,Leontine,Morgun,.Morgun@yopmail.com,undefined.Morgun@gmail.com,police officer,522,522
Anallese,Leontine,Sisile,.Sisile@yopmail.com,undefined.Sisile@gmail.com,doctor,523,523
Margalo,Dede,Amand,.Amand@yopmail.com,undefined.Amand@gmail.com,firefighter,524,524
Bill,Teriann,Roumell,.Roumell@yopmail.com,undefined.Roumell@gmail.com,police officer,525,525
Malina,Nessie,Stacy,.Stacy@yopmail.com,undefined.Stacy@gmail.com,developer,526,526
Dode,Gabriellia,Kinnard,.Kinnard@yopmail.com,undefined.Kinnard@gmail.com,police officer,527,527
Althea,Linet,Lindemann,.Lindemann@yopmail.com,undefined.Lindemann@gmail.com,worker,528,528
Belinda,Kimberley,Keelia,.Keelia@yopmail.com,undefined.Keelia@gmail.com,firefighter,529,529
Aaren,Jobi,Iaverne,.Iaverne@yopmail.com,undefined.Iaverne@gmail.com,developer,530,530
Beth,Ardeen,Halsey,.Halsey@yopmail.com,undefined.Halsey@gmail.com,worker,531,531
Zia,Veda,Kelula,.Kelula@yopmail.com,undefined.Kelula@gmail.com,firefighter,532,532
Molli,Tera,Cosenza,.Cosenza@yopmail.com,undefined.Cosenza@gmail.com,doctor,533,533
Eadie,Cyndie,Wittie,.Wittie@yopmail.com,undefined.Wittie@gmail.com,firefighter,534,534
Adele,Ada,Cristi,.Cristi@yopmail.com,undefined.Cristi@gmail.com,police officer,535,535
Priscilla,Gretal,Phi,.Phi@yopmail.com,undefined.Phi@gmail.com,police officer,536,536
Annabela,Kellen,Holtz,.Holtz@yopmail.com,undefined.Holtz@gmail.com,worker,537,537
Ulrike,Anallese,Chaing,.Chaing@yopmail.com,undefined.Chaing@gmail.com,police officer,538,538
Joelly,Catharine,Blase,.Blase@yopmail.com,undefined.Blase@gmail.com,firefighter,539,539
Marylou,Danny,Dowski,.Dowski@yopmail.com,undefined.Dowski@gmail.com,doctor,540,540
Melodie,Abbie,Ricki,.Ricki@yopmail.com,undefined.Ricki@gmail.com,developer,541,541
Glynnis,Jenilee,Lamoree,.Lamoree@yopmail.com,undefined.Lamoree@gmail.com,worker,542,542
Dorice,Ardenia,Lia,.Lia@yopmail.com,undefined.Lia@gmail.com,firefighter,543,543
Berget,Kaja,Suanne,.Suanne@yopmail.com,undefined.Suanne@gmail.com,firefighter,544,544
Luci,Josephine,Sundin,.Sundin@yopmail.com,undefined.Sundin@gmail.com,firefighter,545,545
Debee,Dyann,Huggins,.Huggins@yopmail.com,undefined.Huggins@gmail.com,developer,546,546
Roseline,Doralynne,Ingra,.Ingra@yopmail.com,undefined.Ingra@gmail.com,police officer,547,547
Kirbee,Cassandra,Hazlett,.Hazlett@yopmail.com,undefined.Hazlett@gmail.com,police officer,548,548
Kristan,Kore,Eben,.Eben@yopmail.com,undefined.Eben@gmail.com,firefighter,549,549
Raquela,Veda,Docilla,.Docilla@yopmail.com,undefined.Docilla@gmail.com,firefighter,550,550
Veda,Nikki,Janith,.Janith@yopmail.com,undefined.Janith@gmail.com,worker,551,551
Rhoda,Aubrie,O'Neill,.O'Neill@yopmail.com,undefined.O'Neill@gmail.com,police officer,552,552
Abbie,Layla,Wadell,.Wadell@yopmail.com,undefined.Wadell@gmail.com,police officer,553,553
Georgina,Courtnay,Percy,.Percy@yopmail.com,undefined.Percy@gmail.com,worker,554,554
Diena,Shirlee,Hartnett,.Hartnett@yopmail.com,undefined.Hartnett@gmail.com,firefighter,555,555
Alisha,Madelle,Ulphia,.Ulphia@yopmail.com,undefined.Ulphia@gmail.com,worker,556,556
Nanete,Tybie,Verger,.Verger@yopmail.com,undefined.Verger@gmail.com,worker,557,557
Darlleen,Oralee,Erskine,.Erskine@yopmail.com,undefined.Erskine@gmail.com,firefighter,558,558
Hope,Judy,Marlie,.Marlie@yopmail.com,undefined.Marlie@gmail.com,doctor,559,559
Elise,Mariann,Zola,.Zola@yopmail.com,undefined.Zola@gmail.com,police officer,560,560
Albertina,Fayre,Love,.Love@yopmail.com,undefined.Love@gmail.com,worker,561,561
Ardenia,Tori,Matthew,.Matthew@yopmail.com,undefined.Matthew@gmail.com,developer,562,562
Jolyn,Addia,Havens,.Havens@yopmail.com,undefined.Havens@gmail.com,doctor,563,563
Selma,Robinia,Lanita,.Lanita@yopmail.com,undefined.Lanita@gmail.com,police officer,564,564
Tina,Ekaterina,Fadiman,.Fadiman@yopmail.com,undefined.Fadiman@gmail.com,doctor,565,565
Kalina,Rivalee,Goth,.Goth@yopmail.com,undefined.Goth@gmail.com,developer,566,566
Stephanie,Gui,Anyah,.Anyah@yopmail.com,undefined.Anyah@gmail.com,police officer,567,567
Hildegaard,Carolina,Monaco,.Monaco@yopmail.com,undefined.Monaco@gmail.com,police officer,568,568
Nannie,Chloris,Bates,.Bates@yopmail.com,undefined.Bates@gmail.com,worker,569,569
Hildegaard,Marylou,Dorcy,.Dorcy@yopmail.com,undefined.Dorcy@gmail.com,developer,570,570
Phylis,Larine,Kamaria,.Kamaria@yopmail.com,undefined.Kamaria@gmail.com,police officer,571,571
Ana,Tracey,Jobi,.Jobi@yopmail.com,undefined.Jobi@gmail.com,worker,572,572
Demetris,Carolina,Bohlin,.Bohlin@yopmail.com,undefined.Bohlin@gmail.com,doctor,573,573
Leeanne,Nariko,Flita,.Flita@yopmail.com,undefined.Flita@gmail.com,worker,574,574
Kylynn,Cacilie,Mich,.Mich@yopmail.com,undefined.Mich@gmail.com,worker,575,575
Correy,Vivia,Jagir,.Jagir@yopmail.com,undefined.Jagir@gmail.com,doctor,576,576
Courtnay,Hermione,Chauncey,.Chauncey@yopmail.com,undefined.Chauncey@gmail.com,developer,577,577
Damaris,Lonnie,Lory,.Lory@yopmail.com,undefined.Lory@gmail.com,developer,578,578
Ernesta,Catharine,Mehalek,.Mehalek@yopmail.com,undefined.Mehalek@gmail.com,doctor,579,579
Emilia,Damaris,Oster,.Oster@yopmail.com,undefined.Oster@gmail.com,worker,580,580
Adore,Cristabel,Henebry,.Henebry@yopmail.com,undefined.Henebry@gmail.com,worker,581,581
Cecile,Tybie,Esmaria,.Esmaria@yopmail.com,undefined.Esmaria@gmail.com,firefighter,582,582
Lilith,Gabriellia,Sperling,.Sperling@yopmail.com,undefined.Sperling@gmail.com,police officer,583,583
Valli,Claudina,Liva,.Liva@yopmail.com,undefined.Liva@gmail.com,firefighter,584,584
Rori,Vinita,Amethist,.Amethist@yopmail.com,undefined.Amethist@gmail.com,police officer,585,585
Felice,Carree,Chandler,.Chandler@yopmail.com,undefined.Chandler@gmail.com,doctor,586,586
Starla,Abbie,Giff,.Giff@yopmail.com,undefined.Giff@gmail.com,developer,587,587
Pamella,Elka,Schwejda,.Schwejda@yopmail.com,undefined.Schwejda@gmail.com,police officer,588,588
Paola,Barbi,Hortensia,.Hortensia@yopmail.com,undefined.Hortensia@gmail.com,worker,589,589
Ekaterina,Charissa,Alarise,.Alarise@yopmail.com,undefined.Alarise@gmail.com,worker,590,590
Cherilyn,Danika,Bartlett,.Bartlett@yopmail.com,undefined.Bartlett@gmail.com,police officer,591,591
Frieda,Jenda,Jarib,.Jarib@yopmail.com,undefined.Jarib@gmail.com,doctor,592,592
Elbertina,Cecile,Irmine,.Irmine@yopmail.com,undefined.Irmine@gmail.com,developer,593,593
Bernardine,Brooks,Arley,.Arley@yopmail.com,undefined.Arley@gmail.com,developer,594,594
Beatriz,Genevra,Henrie,.Henrie@yopmail.com,undefined.Henrie@gmail.com,doctor,595,595
Sean,Ardenia,Prober,.Prober@yopmail.com,undefined.Prober@gmail.com,doctor,596,596
Gloria,Codie,Dom,.Dom@yopmail.com,undefined.Dom@gmail.com,doctor,597,597
Carilyn,Vanessa,Lea,.Lea@yopmail.com,undefined.Lea@gmail.com,firefighter,598,598
Dennie,Nelle,Wiener,.Wiener@yopmail.com,undefined.Wiener@gmail.com,doctor,599,599
Constance,Yolane,Drisko,.Drisko@yopmail.com,undefined.Drisko@gmail.com,worker,600,600
Fawne,Cherrita,Pond,.Pond@yopmail.com,undefined.Pond@gmail.com,worker,601,601
Belva,Elfreda,Diann,.Diann@yopmail.com,undefined.Diann@gmail.com,worker,602,602
Maridel,Ronna,Dorothy,.Dorothy@yopmail.com,undefined.Dorothy@gmail.com,doctor,603,603
Vanessa,Cristine,Lail,.Lail@yopmail.com,undefined.Lail@gmail.com,doctor,604,604
Jenilee,Jasmina,Jobi,.Jobi@yopmail.com,undefined.Jobi@gmail.com,worker,605,605
Rhoda,Odessa,Carleen,.Carleen@yopmail.com,undefined.Carleen@gmail.com,police officer,606,606
Shirlee,Marjie,Celestine,.Celestine@yopmail.com,undefined.Celestine@gmail.com,firefighter,607,607
Phylis,Dania,Cookie,.Cookie@yopmail.com,undefined.Cookie@gmail.com,doctor,608,608
Mamie,Perry,Edison,.Edison@yopmail.com,undefined.Edison@gmail.com,police officer,609,609
Cherrita,Kimberley,Ammann,.Ammann@yopmail.com,undefined.Ammann@gmail.com,developer,610,610
Lyssa,Cindelyn,Evangelia,.Evangelia@yopmail.com,undefined.Evangelia@gmail.com,police officer,611,611
Clementine,Dulce,Carbo,.Carbo@yopmail.com,undefined.Carbo@gmail.com,firefighter,612,612
Karly,Carmela,Izaak,.Izaak@yopmail.com,undefined.Izaak@gmail.com,worker,613,613
Merle,Lexine,Ardra,.Ardra@yopmail.com,undefined.Ardra@gmail.com,doctor,614,614
Aili,Tonia,Lipson,.Lipson@yopmail.com,undefined.Lipson@gmail.com,doctor,615,615
Roz,Joane,Rugen,.Rugen@yopmail.com,undefined.Rugen@gmail.com,worker,616,616
Marti,Ketti,Daveta,.Daveta@yopmail.com,undefined.Daveta@gmail.com,worker,617,617
Kary,Elyssa,Toor,.Toor@yopmail.com,undefined.Toor@gmail.com,firefighter,618,618
Lory,Nananne,Orlene,.Orlene@yopmail.com,undefined.Orlene@gmail.com,doctor,619,619
Lesly,Maryellen,Aida,.Aida@yopmail.com,undefined.Aida@gmail.com,doctor,620,620
Jenda,Andeee,Decato,.Decato@yopmail.com,undefined.Decato@gmail.com,developer,621,621
Almeta,Ermengarde,Zetta,.Zetta@yopmail.com,undefined.Zetta@gmail.com,worker,622,622
Allis,Andree,Narton,.Narton@yopmail.com,undefined.Narton@gmail.com,police officer,623,623
Willetta,Mara,Liva,.Liva@yopmail.com,undefined.Liva@gmail.com,police officer,624,624
Moyna,Pamella,Leler,.Leler@yopmail.com,undefined.Leler@gmail.com,doctor,625,625
Deloria,Adriana,Hanshaw,.Hanshaw@yopmail.com,undefined.Hanshaw@gmail.com,doctor,626,626
Elfreda,Oona,Kelula,.Kelula@yopmail.com,undefined.Kelula@gmail.com,police officer,627,627
Lily,Jaime,Iaverne,.Iaverne@yopmail.com,undefined.Iaverne@gmail.com,developer,628,628
Gwenneth,Marline,Grayce,.Grayce@yopmail.com,undefined.Grayce@gmail.com,developer,629,629
Antonietta,Agathe,Lia,.Lia@yopmail.com,undefined.Lia@gmail.com,doctor,630,630
Elyssa,Fernande,Riordan,.Riordan@yopmail.com,undefined.Riordan@gmail.com,doctor,631,631
Ronna,Cacilie,Jess,.Jess@yopmail.com,undefined.Jess@gmail.com,police officer,632,632
Mureil,Corina,Iphlgenia,.Iphlgenia@yopmail.com,undefined.Iphlgenia@gmail.com,developer,633,633
Kittie,Cherrita,Sholley,.Sholley@yopmail.com,undefined.Sholley@gmail.com,doctor,634,634
Minne,Marjie,Darrell,.Darrell@yopmail.com,undefined.Darrell@gmail.com,doctor,635,635
Carol-Jean,Frances,Lorain,.Lorain@yopmail.com,undefined.Lorain@gmail.com,worker,636,636
Charmaine,Suzette,Nickola,.Nickola@yopmail.com,undefined.Nickola@gmail.com,doctor,637,637
Alisha,Ebonee,Ioab,.Ioab@yopmail.com,undefined.Ioab@gmail.com,worker,638,638
Agathe,Yvonne,Laverne,.Laverne@yopmail.com,undefined.Laverne@gmail.com,firefighter,639,639
Mara,Leeanne,Standing,.Standing@yopmail.com,undefined.Standing@gmail.com,doctor,640,640
Kirstin,Augustine,Daveta,.Daveta@yopmail.com,undefined.Daveta@gmail.com,doctor,641,641
Barbara,Stephanie,Wallis,.Wallis@yopmail.com,undefined.Wallis@gmail.com,firefighter,642,642
Di,Hettie,Eben,.Eben@yopmail.com,undefined.Eben@gmail.com,police officer,643,643
Chandra,Felice,Zrike,.Zrike@yopmail.com,undefined.Zrike@gmail.com,worker,644,644
Marinna,Agnese,Lattie,.Lattie@yopmail.com,undefined.Lattie@gmail.com,police officer,645,645
Sarette,Korrie,Kimmie,.Kimmie@yopmail.com,undefined.Kimmie@gmail.com,worker,646,646
Allyce,Hettie,Shaver,.Shaver@yopmail.com,undefined.Shaver@gmail.com,developer,647,647
Jaime,Nyssa,Dominy,.Dominy@yopmail.com,undefined.Dominy@gmail.com,police officer,648,648
Dorthy,Tani,Teddman,.Teddman@yopmail.com,undefined.Teddman@gmail.com,doctor,649,649
Roslyn,Diena,McLaughlin,.McLaughlin@yopmail.com,undefined.McLaughlin@gmail.com,worker,650,650
Ivett,Bobinette,Fiester,.Fiester@yopmail.com,undefined.Fiester@gmail.com,firefighter,651,651
Alia,Zia,Flita,.Flita@yopmail.com,undefined.Flita@gmail.com,worker,652,652
Lauryn,Pollyanna,Robertson,.Robertson@yopmail.com,undefined.Robertson@gmail.com,doctor,653,653
Jemie,Orsola,Chem,.Chem@yopmail.com,undefined.Chem@gmail.com,developer,654,654
Jessy,Sue,Jehu,.Jehu@yopmail.com,undefined.Jehu@gmail.com,doctor,655,655
Tabbatha,Zaria,Ambrosia,.Ambrosia@yopmail.com,undefined.Ambrosia@gmail.com,doctor,656,656
Sheree,Celestyna,Socha,.Socha@yopmail.com,undefined.Socha@gmail.com,worker,657,657
Lucille,Dotty,Alcott,.Alcott@yopmail.com,undefined.Alcott@gmail.com,firefighter,658,658
Hyacinthe,Clo,Lacombe,.Lacombe@yopmail.com,undefined.Lacombe@gmail.com,police officer,659,659
Stephanie,Trixi,Mitzi,.Mitzi@yopmail.com,undefined.Mitzi@gmail.com,firefighter,660,660
Yvonne,Adore,Jena,.Jena@yopmail.com,undefined.Jena@gmail.com,firefighter,661,661
Miquela,Orsola,Tippets,.Tippets@yopmail.com,undefined.Tippets@gmail.com,firefighter,662,662
Kittie,Karina,Arathorn,.Arathorn@yopmail.com,undefined.Arathorn@gmail.com,developer,663,663
Gisela,Belva,Ehrman,.Ehrman@yopmail.com,undefined.Ehrman@gmail.com,firefighter,664,664
Nicoli,Cyb,Ardeha,.Ardeha@yopmail.com,undefined.Ardeha@gmail.com,police officer,665,665
Krystle,Gusty,Wu,.Wu@yopmail.com,undefined.Wu@gmail.com,doctor,666,666
Regina,Kellen,Pond,.Pond@yopmail.com,undefined.Pond@gmail.com,developer,667,667
Alexine,Celestyna,Bevin,.Bevin@yopmail.com,undefined.Bevin@gmail.com,doctor,668,668
Tonia,Nataline,Jagir,.Jagir@yopmail.com,undefined.Jagir@gmail.com,worker,669,669
Ermengarde,Gui,Middleton,.Middleton@yopmail.com,undefined.Middleton@gmail.com,firefighter,670,670
Harmonia,Donnie,Suk,.Suk@yopmail.com,undefined.Suk@gmail.com,firefighter,671,671
Andree,Daryl,Hurley,.Hurley@yopmail.com,undefined.Hurley@gmail.com,police officer,672,672
Penelopa,Calla,Kiyoshi,.Kiyoshi@yopmail.com,undefined.Kiyoshi@gmail.com,doctor,673,673
Marcy,Brietta,Neva,.Neva@yopmail.com,undefined.Neva@gmail.com,doctor,674,674
Shel,Hayley,Fancie,.Fancie@yopmail.com,undefined.Fancie@gmail.com,developer,675,675
Maisey,Alia,Amasa,.Amasa@yopmail.com,undefined.Amasa@gmail.com,police officer,676,676
Fina,Ana,Justinn,.Justinn@yopmail.com,undefined.Justinn@gmail.com,doctor,677,677
Merle,Nyssa,Jagir,.Jagir@yopmail.com,undefined.Jagir@gmail.com,developer,678,678
Juliane,Dorothy,Taam,.Taam@yopmail.com,undefined.Taam@gmail.com,doctor,679,679
Joelly,Annabela,Dash,.Dash@yopmail.com,undefined.Dash@gmail.com,firefighter,680,680
Bee,Rivalee,Crudden,.Crudden@yopmail.com,undefined.Crudden@gmail.com,police officer,681,681
Dania,Trixi,Rudolph,.Rudolph@yopmail.com,undefined.Rudolph@gmail.com,police officer,682,682
Maye,Netty,Destinee,.Destinee@yopmail.com,undefined.Destinee@gmail.com,developer,683,683
Ana,Selma,Flyn,.Flyn@yopmail.com,undefined.Flyn@gmail.com,developer,684,684
Farrah,Phylis,Velick,.Velick@yopmail.com,undefined.Velick@gmail.com,firefighter,685,685
Frieda,Jorry,Cohdwell,.Cohdwell@yopmail.com,undefined.Cohdwell@gmail.com,police officer,686,686
Chickie,Regina,Wiener,.Wiener@yopmail.com,undefined.Wiener@gmail.com,firefighter,687,687
Aeriela,Zsa Zsa,Hortensia,.Hortensia@yopmail.com,undefined.Hortensia@gmail.com,police officer,688,688
Gui,Meriel,Maples,.Maples@yopmail.com,undefined.Maples@gmail.com,doctor,689,689
Melanie,Leona,Burch,.Burch@yopmail.com,undefined.Burch@gmail.com,police officer,690,690
Modestia,Melanie,Naor,.Naor@yopmail.com,undefined.Naor@gmail.com,police officer,691,691
Delilah,Christal,Mandler,.Mandler@yopmail.com,undefined.Mandler@gmail.com,doctor,692,692
Randa,Lindie,Middleton,.Middleton@yopmail.com,undefined.Middleton@gmail.com,worker,693,693
Rosene,Joeann,Salvidor,.Salvidor@yopmail.com,undefined.Salvidor@gmail.com,doctor,694,694
Lisette,Raina,Narton,.Narton@yopmail.com,undefined.Narton@gmail.com,firefighter,695,695
Carree,Kirbee,Francene,.Francene@yopmail.com,undefined.Francene@gmail.com,firefighter,696,696
Dale,Micheline,Pattin,.Pattin@yopmail.com,undefined.Pattin@gmail.com,developer,697,697
Kimberley,Beatriz,McGrody,.McGrody@yopmail.com,undefined.McGrody@gmail.com,developer,698,698
Lulita,Larine,Heisel,.Heisel@yopmail.com,undefined.Heisel@gmail.com,doctor,699,699
Aimil,Arlena,Emerson,.Emerson@yopmail.com,undefined.Emerson@gmail.com,worker,700,700
Gianina,Maurene,Boehike,.Boehike@yopmail.com,undefined.Boehike@gmail.com,developer,701,701
Vonny,Joelly,Plato,.Plato@yopmail.com,undefined.Plato@gmail.com,doctor,702,702
Vinita,Daryl,Cassius,.Cassius@yopmail.com,undefined.Cassius@gmail.com,developer,703,703
Joelly,Annora,Reneta,.Reneta@yopmail.com,undefined.Reneta@gmail.com,developer,704,704
Sharlene,Estell,Trey,.Trey@yopmail.com,undefined.Trey@gmail.com,developer,705,705
Mary,Moyna,Ioab,.Ioab@yopmail.com,undefined.Ioab@gmail.com,firefighter,706,706
Magdalena,Andree,Phyllis,.Phyllis@yopmail.com,undefined.Phyllis@gmail.com,doctor,707,707
Jolyn,Cristine,Georas,.Georas@yopmail.com,undefined.Georas@gmail.com,doctor,708,708
Bobinette,Tatiania,Malvino,.Malvino@yopmail.com,undefined.Malvino@gmail.com,worker,709,709
Dione,Gui,Ciro,.Ciro@yopmail.com,undefined.Ciro@gmail.com,firefighter,710,710
Starla,Leontine,Dalli,.Dalli@yopmail.com,undefined.Dalli@gmail.com,developer,711,711
Jemie,Stephanie,Nunci,.Nunci@yopmail.com,undefined.Nunci@gmail.com,doctor,712,712
Anallese,Dede,Penelopa,.Penelopa@yopmail.com,undefined.Penelopa@gmail.com,developer,713,713
Julieta,Sidoney,Dearborn,.Dearborn@yopmail.com,undefined.Dearborn@gmail.com,police officer,714,714
Micheline,Lenna,Seligman,.Seligman@yopmail.com,undefined.Seligman@gmail.com,worker,715,715
Lulita,Andree,Tayib,.Tayib@yopmail.com,undefined.Tayib@gmail.com,doctor,716,716
Nannie,Yvonne,Jarib,.Jarib@yopmail.com,undefined.Jarib@gmail.com,developer,717,717
Lelah,Gabi,Reneta,.Reneta@yopmail.com,undefined.Reneta@gmail.com,worker,718,718
Kathy,Yolane,Karylin,.Karylin@yopmail.com,undefined.Karylin@gmail.com,developer,719,719
Sandie,Glenda,Grimbly,.Grimbly@yopmail.com,undefined.Grimbly@gmail.com,doctor,720,720
Alleen,Tamqrah,Fleeta,.Fleeta@yopmail.com,undefined.Fleeta@gmail.com,worker,721,721
Wendi,Diena,Mich,.Mich@yopmail.com,undefined.Mich@gmail.com,developer,722,722
Phylis,Selia,Ball,.Ball@yopmail.com,undefined.Ball@gmail.com,doctor,723,723
Rosabelle,Louella,Parsaye,.Parsaye@yopmail.com,undefined.Parsaye@gmail.com,doctor,724,724
Meghann,Magdalena,Eachern,.Eachern@yopmail.com,undefined.Eachern@gmail.com,doctor,725,725
Krystle,Robbi,Letsou,.Letsou@yopmail.com,undefined.Letsou@gmail.com,police officer,726,726
Halette,Lorne,Warthman,.Warthman@yopmail.com,undefined.Warthman@gmail.com,worker,727,727
Marline,Vevay,Giule,.Giule@yopmail.com,undefined.Giule@gmail.com,worker,728,728
Evita,Perry,Bouchard,.Bouchard@yopmail.com,undefined.Bouchard@gmail.com,worker,729,729
Merle,Pamella,Raama,.Raama@yopmail.com,undefined.Raama@gmail.com,developer,730,730
Alyssa,Mara,Ursulette,.Ursulette@yopmail.com,undefined.Ursulette@gmail.com,doctor,731,731
Kial,Katleen,Ruvolo,.Ruvolo@yopmail.com,undefined.Ruvolo@gmail.com,firefighter,732,732
Helena,Teriann,Greenwald,.Greenwald@yopmail.com,undefined.Greenwald@gmail.com,worker,733,733
Elora,Kaja,Waite,.Waite@yopmail.com,undefined.Waite@gmail.com,developer,734,734
Ofilia,Konstance,Azeria,.Azeria@yopmail.com,undefined.Azeria@gmail.com,worker,735,735
Grier,Nollie,Harday,.Harday@yopmail.com,undefined.Harday@gmail.com,doctor,736,736
Desirae,Cathie,Lowry,.Lowry@yopmail.com,undefined.Lowry@gmail.com,firefighter,737,737
Melisent,Carree,Warthman,.Warthman@yopmail.com,undefined.Warthman@gmail.com,developer,738,738
Millie,Paola,Frodi,.Frodi@yopmail.com,undefined.Frodi@gmail.com,worker,739,739
Lulita,Benita,Cynar,.Cynar@yopmail.com,undefined.Cynar@gmail.com,police officer,740,740
Annaliese,Elyssa,Ventre,.Ventre@yopmail.com,undefined.Ventre@gmail.com,police officer,741,741
Tierney,Elise,Hilbert,.Hilbert@yopmail.com,undefined.Hilbert@gmail.com,police officer,742,742
Merry,Antonietta,Regan,.Regan@yopmail.com,undefined.Regan@gmail.com,worker,743,743
Regina,Brianna,Dawkins,.Dawkins@yopmail.com,undefined.Dawkins@gmail.com,doctor,744,744
Cherilyn,Ninnetta,Gibbeon,.Gibbeon@yopmail.com,undefined.Gibbeon@gmail.com,police officer,745,745
Aaren,Dorice,Sallyann,.Sallyann@yopmail.com,undefined.Sallyann@gmail.com,developer,746,746
Marika,Larine,Albertine,.Albertine@yopmail.com,undefined.Albertine@gmail.com,worker,747,747
Karlee,Aigneis,Gherardo,.Gherardo@yopmail.com,undefined.Gherardo@gmail.com,doctor,748,748
Consuela,Barbi,Dannye,.Dannye@yopmail.com,undefined.Dannye@gmail.com,firefighter,749,749
Glynnis,Olwen,Lynn,.Lynn@yopmail.com,undefined.Lynn@gmail.com,worker,750,750
Georgina,Farrah,Erskine,.Erskine@yopmail.com,undefined.Erskine@gmail.com,police officer,751,751
Lenna,Karina,Allys,.Allys@yopmail.com,undefined.Allys@gmail.com,worker,752,752
Nikki,Cindelyn,Yate,.Yate@yopmail.com,undefined.Yate@gmail.com,developer,753,753
Tamqrah,Minne,Jobi,.Jobi@yopmail.com,undefined.Jobi@gmail.com,developer,754,754
Deane,Damaris,Bultman,.Bultman@yopmail.com,undefined.Bultman@gmail.com,developer,755,755
Heida,Glynnis,Xerxes,.Xerxes@yopmail.com,undefined.Xerxes@gmail.com,firefighter,756,756
Letizia,Mamie,Wolfgram,.Wolfgram@yopmail.com,undefined.Wolfgram@gmail.com,police officer,757,757
Louella,Margalo,Nester,.Nester@yopmail.com,undefined.Nester@gmail.com,doctor,758,758
Lory,Teddie,Diogenes,.Diogenes@yopmail.com,undefined.Diogenes@gmail.com,firefighter,759,759
Gerrie,Gui,Faro,.Faro@yopmail.com,undefined.Faro@gmail.com,firefighter,760,760
Daryl,Vinita,Parsaye,.Parsaye@yopmail.com,undefined.Parsaye@gmail.com,developer,761,761
Oralee,Kellen,Couture,.Couture@yopmail.com,undefined.Couture@gmail.com,doctor,762,762
Margette,Constance,Killigrew,.Killigrew@yopmail.com,undefined.Killigrew@gmail.com,developer,763,763
Josephine,Joane,Corrine,.Corrine@yopmail.com,undefined.Corrine@gmail.com,worker,764,764
Wanda,Viviene,Luhe,.Luhe@yopmail.com,undefined.Luhe@gmail.com,developer,765,765
Maurene,Janenna,Nore,.Nore@yopmail.com,undefined.Nore@gmail.com,developer,766,766
Sandie,Kara-Lynn,Chaing,.Chaing@yopmail.com,undefined.Chaing@gmail.com,firefighter,767,767
Amii,Evaleen,Schlosser,.Schlosser@yopmail.com,undefined.Schlosser@gmail.com,doctor,768,768
Nickie,Elvira,Noam,.Noam@yopmail.com,undefined.Noam@gmail.com,doctor,769,769
Laure,Ira,Cottle,.Cottle@yopmail.com,undefined.Cottle@gmail.com,worker,770,770
Caritta,Shauna,Dowski,.Dowski@yopmail.com,undefined.Dowski@gmail.com,worker,771,771
Cherilyn,Dale,Posner,.Posner@yopmail.com,undefined.Posner@gmail.com,developer,772,772
Maridel,Lanna,Lumbard,.Lumbard@yopmail.com,undefined.Lumbard@gmail.com,firefighter,773,773
Bertine,Margalo,Trinetta,.Trinetta@yopmail.com,undefined.Trinetta@gmail.com,worker,774,774
Donetta,Joceline,Fillbert,.Fillbert@yopmail.com,undefined.Fillbert@gmail.com,doctor,775,775
Jan,Fawne,Infield,.Infield@yopmail.com,undefined.Infield@gmail.com,police officer,776,776
Hayley,Sharai,Ball,.Ball@yopmail.com,undefined.Ball@gmail.com,worker,777,777
Alisha,Silvana,Curren,.Curren@yopmail.com,undefined.Curren@gmail.com,police officer,778,778
Kore,Alyda,Autrey,.Autrey@yopmail.com,undefined.Autrey@gmail.com,developer,779,779
Florencia,Rosene,Phaidra,.Phaidra@yopmail.com,undefined.Phaidra@gmail.com,developer,780,780
Tani,Mireielle,Estella,.Estella@yopmail.com,undefined.Estella@gmail.com,firefighter,781,781
Livvyy,Rori,Nester,.Nester@yopmail.com,undefined.Nester@gmail.com,doctor,782,782
Morganica,Reeba,Jeanne,.Jeanne@yopmail.com,undefined.Jeanne@gmail.com,firefighter,783,783
Georgina,Emelina,Si,.Si@yopmail.com,undefined.Si@gmail.com,firefighter,784,784
Janis,Jaclyn,Goth,.Goth@yopmail.com,undefined.Goth@gmail.com,doctor,785,785
Sue,Latisha,Wooster,.Wooster@yopmail.com,undefined.Wooster@gmail.com,police officer,786,786
Linet,Celene,Sisile,.Sisile@yopmail.com,undefined.Sisile@gmail.com,police officer,787,787
Flo,Roberta,Warthman,.Warthman@yopmail.com,undefined.Warthman@gmail.com,doctor,788,788
Ira,Kimberley,Frendel,.Frendel@yopmail.com,undefined.Frendel@gmail.com,worker,789,789
Tybie,Brana,Iphlgenia,.Iphlgenia@yopmail.com,undefined.Iphlgenia@gmail.com,developer,790,790
Dorene,Bill,Cassius,.Cassius@yopmail.com,undefined.Cassius@gmail.com,developer,791,791
Tina,Agathe,Oneida,.Oneida@yopmail.com,undefined.Oneida@gmail.com,firefighter,792,792
Ulrike,Mallory,Phyllis,.Phyllis@yopmail.com,undefined.Phyllis@gmail.com,police officer,793,793
Malina,Teriann,Nikaniki,.Nikaniki@yopmail.com,undefined.Nikaniki@gmail.com,firefighter,794,794
Calla,Berta,Clie,.Clie@yopmail.com,undefined.Clie@gmail.com,worker,795,795
Merci,Benita,Elbertina,.Elbertina@yopmail.com,undefined.Elbertina@gmail.com,worker,796,796
Britte,Modestia,Atonsah,.Atonsah@yopmail.com,undefined.Atonsah@gmail.com,developer,797,797
Doralynne,Jacquetta,Douglass,.Douglass@yopmail.com,undefined.Douglass@gmail.com,developer,798,798
Mallory,Farrah,Anyah,.Anyah@yopmail.com,undefined.Anyah@gmail.com,firefighter,799,799
Daune,Jeanna,Jerold,.Jerold@yopmail.com,undefined.Jerold@gmail.com,doctor,800,800
Teriann,Oona,Llovera,.Llovera@yopmail.com,undefined.Llovera@gmail.com,police officer,801,801
Neila,Barbara,Henrie,.Henrie@yopmail.com,undefined.Henrie@gmail.com,doctor,802,802
Kirbee,Merci,Mayeda,.Mayeda@yopmail.com,undefined.Mayeda@gmail.com,doctor,803,803
Lucille,Flory,Fleeta,.Fleeta@yopmail.com,undefined.Fleeta@gmail.com,doctor,804,804
Leia,Aeriela,McClimans,.McClimans@yopmail.com,undefined.McClimans@gmail.com,worker,805,805
Jenda,Agnese,Vittoria,.Vittoria@yopmail.com,undefined.Vittoria@gmail.com,developer,806,806
Theodora,Sallie,Dorcy,.Dorcy@yopmail.com,undefined.Dorcy@gmail.com,firefighter,807,807
Mamie,Christal,Winnick,.Winnick@yopmail.com,undefined.Winnick@gmail.com,doctor,808,808
Emylee,Libbie,Wooster,.Wooster@yopmail.com,undefined.Wooster@gmail.com,doctor,809,809
Alex,Nadine,Shields,.Shields@yopmail.com,undefined.Shields@gmail.com,developer,810,810
Mariann,Wanda,Brady,.Brady@yopmail.com,undefined.Brady@gmail.com,police officer,811,811
Wilma,June,Levey,.Levey@yopmail.com,undefined.Levey@gmail.com,firefighter,812,812
Bee,Rhoda,Alwin,.Alwin@yopmail.com,undefined.Alwin@gmail.com,firefighter,813,813
Tarra,Adriana,Natalia,.Natalia@yopmail.com,undefined.Natalia@gmail.com,doctor,814,814
Tera,Rosabelle,Heidt,.Heidt@yopmail.com,undefined.Heidt@gmail.com,doctor,815,815
Aaren,Ingrid,Delacourt,.Delacourt@yopmail.com,undefined.Delacourt@gmail.com,police officer,816,816
Dari,Sheelagh,Chinua,.Chinua@yopmail.com,undefined.Chinua@gmail.com,firefighter,817,817
Nanete,Juliane,Natalia,.Natalia@yopmail.com,undefined.Natalia@gmail.com,doctor,818,818
Myriam,Merci,Alfons,.Alfons@yopmail.com,undefined.Alfons@gmail.com,worker,819,819
Sindee,Rebeca,Barbey,.Barbey@yopmail.com,undefined.Barbey@gmail.com,worker,820,820
Olivette,Bettine,Tice,.Tice@yopmail.com,undefined.Tice@gmail.com,developer,821,821
Farrah,Gusty,Corabella,.Corabella@yopmail.com,undefined.Corabella@gmail.com,firefighter,822,822
Fernande,Jasmina,Catie,.Catie@yopmail.com,undefined.Catie@gmail.com,developer,823,823
Katharina,Di,Rebecka,.Rebecka@yopmail.com,undefined.Rebecka@gmail.com,doctor,824,824
Agnese,Evaleen,Stilwell,.Stilwell@yopmail.com,undefined.Stilwell@gmail.com,worker,825,825
Dawn,Maridel,Fleeta,.Fleeta@yopmail.com,undefined.Fleeta@gmail.com,doctor,826,826
Thalia,Andeee,Chick,.Chick@yopmail.com,undefined.Chick@gmail.com,doctor,827,827
Kirstin,Jessamyn,Bertold,.Bertold@yopmail.com,undefined.Bertold@gmail.com,developer,828,828
Winifred,Sean,Ammann,.Ammann@yopmail.com,undefined.Ammann@gmail.com,doctor,829,829
Nickie,Barbara,Lia,.Lia@yopmail.com,undefined.Lia@gmail.com,firefighter,830,830
Marinna,Berget,Georgy,.Georgy@yopmail.com,undefined.Georgy@gmail.com,worker,831,831
Nyssa,Benita,Nicoline,.Nicoline@yopmail.com,undefined.Nicoline@gmail.com,worker,832,832
Edee,Sheree,Peti,.Peti@yopmail.com,undefined.Peti@gmail.com,developer,833,833
Regina,Joy,Ball,.Ball@yopmail.com,undefined.Ball@gmail.com,developer,834,834
Emma,Caritta,Lalitta,.Lalitta@yopmail.com,undefined.Lalitta@gmail.com,worker,835,835
Kylynn,Nannie,Mauer,.Mauer@yopmail.com,undefined.Mauer@gmail.com,developer,836,836
Bertine,Jaclyn,Graig,.Graig@yopmail.com,undefined.Graig@gmail.com,police officer,837,837
Mildrid,Judy,Hartnett,.Hartnett@yopmail.com,undefined.Hartnett@gmail.com,doctor,838,838
Micheline,Merry,Destinee,.Destinee@yopmail.com,undefined.Destinee@gmail.com,doctor,839,839
Tersina,Tomasina,Kaja,.Kaja@yopmail.com,undefined.Kaja@gmail.com,worker,840,840
Korrie,Meghann,Lea,.Lea@yopmail.com,undefined.Lea@gmail.com,developer,841,841
Mahalia,Kayla,Alwin,.Alwin@yopmail.com,undefined.Alwin@gmail.com,developer,842,842
Dulcinea,Dianemarie,Darrell,.Darrell@yopmail.com,undefined.Darrell@gmail.com,developer,843,843
Libbie,Shel,Jagir,.Jagir@yopmail.com,undefined.Jagir@gmail.com,worker,844,844
Marylou,Aigneis,Morgun,.Morgun@yopmail.com,undefined.Morgun@gmail.com,police officer,845,845
Jorry,Arlena,Rhu,.Rhu@yopmail.com,undefined.Rhu@gmail.com,worker,846,846
Mariele,Genovera,Irmine,.Irmine@yopmail.com,undefined.Irmine@gmail.com,police officer,847,847
Joelly,Gerianna,Mata,.Mata@yopmail.com,undefined.Mata@gmail.com,firefighter,848,848
Cherrita,Winifred,Elisha,.Elisha@yopmail.com,undefined.Elisha@gmail.com,worker,849,849
Jacquetta,Mireielle,Carey,.Carey@yopmail.com,undefined.Carey@gmail.com,firefighter,850,850
Sharlene,Kittie,Mintz,.Mintz@yopmail.com,undefined.Mintz@gmail.com,developer,851,851
Desirae,Genovera,Edvard,.Edvard@yopmail.com,undefined.Edvard@gmail.com,police officer,852,852
Roxane,Layla,Azeria,.Azeria@yopmail.com,undefined.Azeria@gmail.com,police officer,853,853
Roseline,Roseline,Rona,.Rona@yopmail.com,undefined.Rona@gmail.com,developer,854,854
Judy,Jere,Serilda,.Serilda@yopmail.com,undefined.Serilda@gmail.com,worker,855,855
Nariko,Karolina,Alva,.Alva@yopmail.com,undefined.Alva@gmail.com,firefighter,856,856
Nannie,Selma,Cassius,.Cassius@yopmail.com,undefined.Cassius@gmail.com,firefighter,857,857
Joleen,Edee,Therine,.Therine@yopmail.com,undefined.Therine@gmail.com,doctor,858,858
Gratia,Delilah,Ingra,.Ingra@yopmail.com,undefined.Ingra@gmail.com,doctor,859,859
Babita,Jacenta,Delacourt,.Delacourt@yopmail.com,undefined.Delacourt@gmail.com,worker,860,860
Margarette,Julieta,Hull,.Hull@yopmail.com,undefined.Hull@gmail.com,worker,861,861
Jasmina,Eve,Eugenia,.Eugenia@yopmail.com,undefined.Eugenia@gmail.com,firefighter,862,862
Valli,Valera,Korey,.Korey@yopmail.com,undefined.Korey@gmail.com,firefighter,863,863
Mara,Frank,Cath,.Cath@yopmail.com,undefined.Cath@gmail.com,firefighter,864,864
Elmira,Dulcinea,Podvin,.Podvin@yopmail.com,undefined.Podvin@gmail.com,police officer,865,865
Gwyneth,Frank,Pettiford,.Pettiford@yopmail.com,undefined.Pettiford@gmail.com,worker,866,866
Aubrie,Alia,Presber,.Presber@yopmail.com,undefined.Presber@gmail.com,police officer,867,867
Letizia,Neila,Adlare,.Adlare@yopmail.com,undefined.Adlare@gmail.com,doctor,868,868
Chickie,Tarra,August,.August@yopmail.com,undefined.August@gmail.com,police officer,869,869
Aurore,Florie,Atonsah,.Atonsah@yopmail.com,undefined.Atonsah@gmail.com,worker,870,870
Ana,Kamilah,Sekofski,.Sekofski@yopmail.com,undefined.Sekofski@gmail.com,firefighter,871,871
Sybille,Wilma,Hedve,.Hedve@yopmail.com,undefined.Hedve@gmail.com,doctor,872,872
Stephanie,Emelina,Dreda,.Dreda@yopmail.com,undefined.Dreda@gmail.com,firefighter,873,873
Gerianna,Kara-Lynn,Schlosser,.Schlosser@yopmail.com,undefined.Schlosser@gmail.com,developer,874,874
Alexine,Eolanda,Cassius,.Cassius@yopmail.com,undefined.Cassius@gmail.com,police officer,875,875
Libbie,Karena,Ardeha,.Ardeha@yopmail.com,undefined.Ardeha@gmail.com,police officer,876,876
Elbertina,Benita,Mullane,.Mullane@yopmail.com,undefined.Mullane@gmail.com,firefighter,877,877
Sissy,Nollie,Olympium,.Olympium@yopmail.com,undefined.Olympium@gmail.com,doctor,878,878
Kalina,Veda,Rillings,.Rillings@yopmail.com,undefined.Rillings@gmail.com,worker,879,879
Lily,Heida,Narton,.Narton@yopmail.com,undefined.Narton@gmail.com,firefighter,880,880
Brietta,Viki,Henebry,.Henebry@yopmail.com,undefined.Henebry@gmail.com,firefighter,881,881
Berget,Trixi,Fontana,.Fontana@yopmail.com,undefined.Fontana@gmail.com,police officer,882,882
Pollyanna,June,Lia,.Lia@yopmail.com,undefined.Lia@gmail.com,firefighter,883,883
Dorothy,Maurene,Vacuva,.Vacuva@yopmail.com,undefined.Vacuva@gmail.com,doctor,884,884
Kittie,Wanda,Schwejda,.Schwejda@yopmail.com,undefined.Schwejda@gmail.com,worker,885,885
Agathe,Shandie,Lenny,.Lenny@yopmail.com,undefined.Lenny@gmail.com,firefighter,886,886
Hayley,Janey,Khorma,.Khorma@yopmail.com,undefined.Khorma@gmail.com,worker,887,887
Marika,Mignon,Sprage,.Sprage@yopmail.com,undefined.Sprage@gmail.com,police officer,888,888
Lizzie,Marjie,Vilma,.Vilma@yopmail.com,undefined.Vilma@gmail.com,developer,889,889
Caryl,Kelly,Campball,.Campball@yopmail.com,undefined.Campball@gmail.com,developer,890,890
Ida,Grier,Stilwell,.Stilwell@yopmail.com,undefined.Stilwell@gmail.com,worker,891,891
Hyacinthe,Katharina,Urania,.Urania@yopmail.com,undefined.Urania@gmail.com,police officer,892,892
Zaria,Meg,Means,.Means@yopmail.com,undefined.Means@gmail.com,doctor,893,893
Vanessa,Zsa Zsa,Mata,.Mata@yopmail.com,undefined.Mata@gmail.com,firefighter,894,894
Netty,Eadie,Eben,.Eben@yopmail.com,undefined.Eben@gmail.com,developer,895,895
Chastity,Adele,Adamsen,.Adamsen@yopmail.com,undefined.Adamsen@gmail.com,developer,896,896
Rozele,Deloria,Edmund,.Edmund@yopmail.com,undefined.Edmund@gmail.com,firefighter,897,897
Darci,Jorry,Chobot,.Chobot@yopmail.com,undefined.Chobot@gmail.com,developer,898,898
Claresta,Lonnie,Hedve,.Hedve@yopmail.com,undefined.Hedve@gmail.com,developer,899,899
Gavrielle,Ebonee,Audly,.Audly@yopmail.com,undefined.Audly@gmail.com,firefighter,900,900
Aili,Frieda,Pozzy,.Pozzy@yopmail.com,undefined.Pozzy@gmail.com,firefighter,901,901
Annaliese,Pollyanna,Christal,.Christal@yopmail.com,undefined.Christal@gmail.com,police officer,902,902
Helsa,Beatriz,Israeli,.Israeli@yopmail.com,undefined.Israeli@gmail.com,worker,903,903
Lisette,Hettie,Decato,.Decato@yopmail.com,undefined.Decato@gmail.com,police officer,904,904
Jsandye,Paola,Graig,.Graig@yopmail.com,undefined.Graig@gmail.com,worker,905,905
Louella,Ninnetta,Ailyn,.Ailyn@yopmail.com,undefined.Ailyn@gmail.com,worker,906,906
Mamie,Romona,Nickola,.Nickola@yopmail.com,undefined.Nickola@gmail.com,worker,907,907
Lenna,Katuscha,Palocz,.Palocz@yopmail.com,undefined.Palocz@gmail.com,doctor,908,908
Shaylyn,Harmonia,Sherfield,.Sherfield@yopmail.com,undefined.Sherfield@gmail.com,firefighter,909,909
Carilyn,Alameda,Berne,.Berne@yopmail.com,undefined.Berne@gmail.com,developer,910,910
Devina,Tiffie,Callista,.Callista@yopmail.com,undefined.Callista@gmail.com,firefighter,911,911
Margalo,Penelopa,Phi,.Phi@yopmail.com,undefined.Phi@gmail.com,developer,912,912
Leona,Claudina,Corabella,.Corabella@yopmail.com,undefined.Corabella@gmail.com,firefighter,913,913
Di,Tersina,Zrike,.Zrike@yopmail.com,undefined.Zrike@gmail.com,developer,914,914
Maurene,Claudina,Knowling,.Knowling@yopmail.com,undefined.Knowling@gmail.com,developer,915,915
Kelly,Caritta,Waldron,.Waldron@yopmail.com,undefined.Waldron@gmail.com,doctor,916,916
Courtnay,Jenilee,Frendel,.Frendel@yopmail.com,undefined.Frendel@gmail.com,developer,917,917
Lenna,June,Narton,.Narton@yopmail.com,undefined.Narton@gmail.com,police officer,918,918
Lynnea,Xylina,Adamsen,.Adamsen@yopmail.com,undefined.Adamsen@gmail.com,doctor,919,919
Tybie,Celene,Dyche,.Dyche@yopmail.com,undefined.Dyche@gmail.com,police officer,920,920
Katharina,Ivett,Jena,.Jena@yopmail.com,undefined.Jena@gmail.com,doctor,921,921
Goldie,Nananne,Hewitt,.Hewitt@yopmail.com,undefined.Hewitt@gmail.com,developer,922,922
Rubie,Jean,Nedrud,.Nedrud@yopmail.com,undefined.Nedrud@gmail.com,doctor,923,923
Dode,Dorene,Dannye,.Dannye@yopmail.com,undefined.Dannye@gmail.com,developer,924,924
Arabel,Sharai,Mata,.Mata@yopmail.com,undefined.Mata@gmail.com,developer,925,925
Rani,Cissiee,Ellerey,.Ellerey@yopmail.com,undefined.Ellerey@gmail.com,doctor,926,926
Helena,Dacia,Damarra,.Damarra@yopmail.com,undefined.Damarra@gmail.com,firefighter,927,927
Marguerite,Fred,Tryck,.Tryck@yopmail.com,undefined.Tryck@gmail.com,firefighter,928,928
Cindelyn,Marleah,Shirberg,.Shirberg@yopmail.com,undefined.Shirberg@gmail.com,police officer,929,929
Elbertina,Corina,Dituri,.Dituri@yopmail.com,undefined.Dituri@gmail.com,developer,930,930
Jordan,Alyssa,Rheingold,.Rheingold@yopmail.com,undefined.Rheingold@gmail.com,worker,931,931
Dode,Carilyn,Damarra,.Damarra@yopmail.com,undefined.Damarra@gmail.com,worker,932,932
Christian,Dione,Angelis,.Angelis@yopmail.com,undefined.Angelis@gmail.com,police officer,933,933
Sherrie,Georgina,Aloise,.Aloise@yopmail.com,undefined.Aloise@gmail.com,police officer,934,934
Cathyleen,Mureil,Rona,.Rona@yopmail.com,undefined.Rona@gmail.com,firefighter,935,935
Sonni,Ira,Rossner,.Rossner@yopmail.com,undefined.Rossner@gmail.com,worker,936,936
Lucille,Penelopa,Elisha,.Elisha@yopmail.com,undefined.Elisha@gmail.com,police officer,937,937
Taffy,Madelle,Wallis,.Wallis@yopmail.com,undefined.Wallis@gmail.com,police officer,938,938
Minda,Rosanne,Center,.Center@yopmail.com,undefined.Center@gmail.com,police officer,939,939
Sashenka,Agathe,Eugenia,.Eugenia@yopmail.com,undefined.Eugenia@gmail.com,doctor,940,940
Frieda,Orsola,Dom,.Dom@yopmail.com,undefined.Dom@gmail.com,worker,941,941
Maye,Julieta,Sawtelle,.Sawtelle@yopmail.com,undefined.Sawtelle@gmail.com,worker,942,942
Selia,Daune,Susannah,.Susannah@yopmail.com,undefined.Susannah@gmail.com,worker,943,943
Delilah,Maurene,Hollingsworth,.Hollingsworth@yopmail.com,undefined.Hollingsworth@gmail.com,firefighter,944,944
Reeba,Goldie,Colyer,.Colyer@yopmail.com,undefined.Colyer@gmail.com,police officer,945,945
Dominga,Fernande,An,.An@yopmail.com,undefined.An@gmail.com,worker,946,946
Delilah,Hildegaard,Hazlett,.Hazlett@yopmail.com,undefined.Hazlett@gmail.com,police officer,947,947
Gianina,Kial,Daniele,.Daniele@yopmail.com,undefined.Daniele@gmail.com,firefighter,948,948
Nannie,Adriana,Wyn,.Wyn@yopmail.com,undefined.Wyn@gmail.com,developer,949,949
Frieda,Wileen,Leonard,.Leonard@yopmail.com,undefined.Leonard@gmail.com,police officer,950,950
Blondelle,Basia,Buffum,.Buffum@yopmail.com,undefined.Buffum@gmail.com,doctor,951,951
Caritta,Edith,Sancho,.Sancho@yopmail.com,undefined.Sancho@gmail.com,developer,952,952
Sharlene,Myrtice,McAdams,.McAdams@yopmail.com,undefined.McAdams@gmail.com,police officer,953,953
Elsie,Fidelia,Aldric,.Aldric@yopmail.com,undefined.Aldric@gmail.com,developer,954,954
Harmonia,Lusa,Rheingold,.Rheingold@yopmail.com,undefined.Rheingold@gmail.com,developer,955,955
Maurene,Ottilie,Maiah,.Maiah@yopmail.com,undefined.Maiah@gmail.com,developer,956,956
Karly,Jacquetta,Romelda,.Romelda@yopmail.com,undefined.Romelda@gmail.com,doctor,957,957
Kylynn,Fawne,Yoko,.Yoko@yopmail.com,undefined.Yoko@gmail.com,worker,958,958
Henriette,Angelique,Phaidra,.Phaidra@yopmail.com,undefined.Phaidra@gmail.com,police officer,959,959
Jacenta,Randa,Waldron,.Waldron@yopmail.com,undefined.Waldron@gmail.com,worker,960,960
Frances,Bee,Edee,.Edee@yopmail.com,undefined.Edee@gmail.com,developer,961,961
Krystle,Leeanne,Gale,.Gale@yopmail.com,undefined.Gale@gmail.com,police officer,962,962
Calla,Elka,Lenny,.Lenny@yopmail.com,undefined.Lenny@gmail.com,doctor,963,963
Meg,Bobinette,Laverne,.Laverne@yopmail.com,undefined.Laverne@gmail.com,firefighter,964,964
Susan,Paule,Franza,.Franza@yopmail.com,undefined.Franza@gmail.com,doctor,965,965
Alie,Corry,Torray,.Torray@yopmail.com,undefined.Torray@gmail.com,firefighter,966,966
Shaylyn,Hayley,Adore,.Adore@yopmail.com,undefined.Adore@gmail.com,worker,967,967
Modestia,Genovera,Fabiola,.Fabiola@yopmail.com,undefined.Fabiola@gmail.com,worker,968,968
Bee,Chloris,Raseda,.Raseda@yopmail.com,undefined.Raseda@gmail.com,police officer,969,969
Jolyn,Philis,Guildroy,.Guildroy@yopmail.com,undefined.Guildroy@gmail.com,worker,970,970
Kimmy,Binny,Giff,.Giff@yopmail.com,undefined.Giff@gmail.com,doctor,971,971
Roslyn,Valera,Lasley,.Lasley@yopmail.com,undefined.Lasley@gmail.com,police officer,972,972
Ermengarde,Brena,Amadas,.Amadas@yopmail.com,undefined.Amadas@gmail.com,firefighter,973,973
Marika,Desirae,Fabiola,.Fabiola@yopmail.com,undefined.Fabiola@gmail.com,developer,974,974
Wynne,Anestassia,Leffen,.Leffen@yopmail.com,undefined.Leffen@gmail.com,worker,975,975
Olwen,Ernesta,Ardeha,.Ardeha@yopmail.com,undefined.Ardeha@gmail.com,police officer,976,976
Karly,Corina,Jeanne,.Jeanne@yopmail.com,undefined.Jeanne@gmail.com,police officer,977,977
Justinn,Korrie,Holbrook,.Holbrook@yopmail.com,undefined.Holbrook@gmail.com,firefighter,978,978
Jeanna,Orsola,Tound,.Tound@yopmail.com,undefined.Tound@gmail.com,police officer,979,979
Minne,Emilia,Celestine,.Celestine@yopmail.com,undefined.Celestine@gmail.com,doctor,980,980
Rosabelle,Dianemarie,Quinn,.Quinn@yopmail.com,undefined.Quinn@gmail.com,worker,981,981
Danika,Chere,Burnside,.Burnside@yopmail.com,undefined.Burnside@gmail.com,police officer,982,982
Randa,Corene,McNully,.McNully@yopmail.com,undefined.McNully@gmail.com,police officer,983,983
Consuela,Tina,Jacinda,.Jacinda@yopmail.com,undefined.Jacinda@gmail.com,developer,984,984
Pollyanna,Hettie,Deny,.Deny@yopmail.com,undefined.Deny@gmail.com,firefighter,985,985
Arlena,Hermione,Albertine,.Albertine@yopmail.com,undefined.Albertine@gmail.com,doctor,986,986
Tamqrah,Marcy,Even,.Even@yopmail.com,undefined.Even@gmail.com,doctor,987,987
Gisela,Britte,Toni,.Toni@yopmail.com,undefined.Toni@gmail.com,police officer,988,988
Drucie,Mariann,Drisko,.Drisko@yopmail.com,undefined.Drisko@gmail.com,doctor,989,989
Kenna,Amelia,Alexandr,.Alexandr@yopmail.com,undefined.Alexandr@gmail.com,police officer,990,990
Sarette,Elka,Merriott,.Merriott@yopmail.com,undefined.Merriott@gmail.com,firefighter,991,991
Dianemarie,Basia,Behre,.Behre@yopmail.com,undefined.Behre@gmail.com,worker,992,992
Helsa,Gwenneth,Wooster,.Wooster@yopmail.com,undefined.Wooster@gmail.com,developer,993,993
Candy,Catrina,Sikorski,.Sikorski@yopmail.com,undefined.Sikorski@gmail.com,firefighter,994,994
Darlleen,Meriel,Schlosser,.Schlosser@yopmail.com,undefined.Schlosser@gmail.com,doctor,995,995
Wilma,Kristan,Birdella,.Birdella@yopmail.com,undefined.Birdella@gmail.com,police officer,996,996
Ellette,Ileana,Thilda,.Thilda@yopmail.com,undefined.Thilda@gmail.com,firefighter,997,997
Tori,Alexine,Wenoa,.Wenoa@yopmail.com,undefined.Wenoa@gmail.com,police officer,998,998
Felice,Donnie,Ovid,.Ovid@yopmail.com,undefined.Ovid@gmail.com,worker,999,999
Shauna,Evaleen,Koehler,.Koehler@yopmail.com,undefined.Koehler@gmail.com,firefighter,1000,1000